Date,Price (p/kWh),Price (p/therm),Published At,System Generated At,Quality Indicator
2023-12-17,2.5843,75.73833853,01/01/2024 11:40:00,01/01/2024 11:41:01,L
2023-12-18,2.6417,77.42056607,01/01/2024 11:40:00,01/01/2024 11:41:01,L
2023-12-19,2.5425,74.51330175,01/01/2024 11:40:00,01/01/2024 11:41:01,L
2023-12-20,2.4868,72.88089628,01/01/2024 11:40:00,01/01/2024 11:41:01,L
2023-12-21,2.5088,73.52565247999999,01/01/2024 11:40:00,01/01/2024 11:41:01,L
2023-12-22,2.6228,76.86666188,01/01/2024 11:40:00,01/01/2024 11:41:01,L
2023-12-23,2.6775,78.46976025000001,01/01/2024 11:40:00,01/01/2024 11:41:01,L
2023-12-24,2.5336,74.25246856,01/01/2024 11:40:00,01/01/2024 11:41:01,L
2023-12-25,2.5618,75.07892878,01/01/2024 11:40:00,01/01/2024 11:41:01,L
2023-12-26,2.7061,79.30794331,01/01/2024 11:40:00,01/01/2024 11:41:01,L
2023-12-27,2.6934,78.93574314,01/01/2024 11:40:00,01/01/2024 11:41:01,L
2023-12-28,2.7109,79.44861739,01/01/2024 11:40:00,01/01/2024 11:41:01,L
2023-12-29,2.679,78.5137209,01/01/2024 11:40:00,01/01/2024 11:41:01,L
2023-12-30,2.6067,76.39481757,01/01/2024 11:40:00,01/01/2024 11:41:01,L
2023-12-31,2.5549,74.87670978999999,01/01/2024 11:40:00,01/01/2024 11:41:01,L
2024-01-01,2.4216,70.97007336,01/02/2024 11:40:00,01/02/2024 11:41:00,L
2024-01-02,2.4129,70.71510159,01/02/2024 11:40:00,01/02/2024 11:41:00,L
2024-01-03,2.6722,78.31443262,01/02/2024 11:40:00,01/02/2024 11:41:00,L
2024-01-04,2.929,85.8404959,01/02/2024 11:40:00,01/02/2024 11:41:00,L
2024-01-05,2.9712,87.07725552,01/02/2024 11:40:00,01/02/2024 11:41:00,L
2024-01-06,2.9129,85.36865159,01/02/2024 11:40:00,01/02/2024 11:41:00,L
2024-01-07,3.0238,88.61880898,01/02/2024 11:40:00,01/02/2024 11:41:00,L
2024-01-08,2.8786,84.36341806,01/02/2024 11:40:00,01/02/2024 11:41:00,L
2024-01-09,2.6873,78.75696983,01/02/2024 11:40:00,01/02/2024 11:41:00,L
2024-01-10,2.7751,81.33013321,01/02/2024 11:40:00,01/02/2024 11:41:00,L
2024-01-11,2.7035,79.23174485,01/02/2024 11:40:00,01/02/2024 11:41:00,L
2024-01-12,2.8775,84.33118024999999,01/02/2024 11:40:00,01/02/2024 11:41:00,L
2024-01-13,2.686,78.71887059999999,01/02/2024 11:40:00,01/02/2024 11:41:00,L
2024-01-14,2.6781,78.48734451,01/02/2024 11:40:00,01/02/2024 11:41:00,L
2024-01-15,2.6366,77.27109985999999,01/02/2024 11:40:00,01/02/2024 11:41:00,L
2024-01-16,2.56,75.02617599999999,01/02/2024 11:40:00,01/02/2024 11:41:00,L
2024-01-17,2.4196,70.91145915999999,01/02/2024 11:40:00,01/02/2024 11:41:00,L
2024-01-18,2.4186,70.88215206,01/02/2024 11:40:00,01/02/2024 11:41:00,L
2024-01-19,2.3893,70.02345403,01/02/2024 11:40:00,01/02/2024 11:41:00,L
2024-01-20,2.4033,70.43375343,01/02/2024 11:40:00,01/02/2024 11:41:00,L
2024-01-21,2.3276,68.21520595999999,01/02/2024 11:40:00,01/02/2024 11:41:00,L
2024-01-22,2.293,67.2011803,01/02/2024 11:40:00,01/02/2024 11:41:00,L
2024-01-23,2.2645,66.36592795,01/02/2024 11:40:00,01/02/2024 11:41:00,L
2024-01-24,2.3225,68.06573974999999,01/02/2024 11:40:00,01/02/2024 11:41:00,L
2024-01-25,2.3726,69.53402546,01/02/2024 11:40:00,01/02/2024 11:41:00,L
2024-01-26,2.3227,68.07160117000001,01/02/2024 11:40:00,01/02/2024 11:41:00,L
2024-01-27,2.4971,73.18275941,01/02/2024 11:40:00,01/02/2024 11:41:00,L
2024-01-28,2.4662,72.27717002,01/02/2024 11:40:00,01/02/2024 11:41:00,L
2024-01-29,2.3995,70.32238645,01/02/2024 11:40:00,01/02/2024 11:41:00,L
2024-01-30,2.4427,71.58845317,01/02/2024 11:40:00,01/02/2024 11:41:00,L
2024-01-31,2.5035,73.37032484999999,01/02/2024 11:40:00,01/02/2024 11:41:00,L
2024-02-01,2.4553,71.95772262999999,01/03/2024 11:40:00,01/03/2024 11:41:00,L
2024-02-02,2.3749,69.60143178999999,01/03/2024 11:40:00,01/03/2024 11:41:00,L
2024-02-03,2.3783,69.70107592999999,01/03/2024 11:40:00,01/03/2024 11:41:00,L
2024-02-04,2.4751,72.53800320999999,01/03/2024 11:40:00,01/03/2024 11:41:00,L
2024-02-05,2.4394,71.49173974,01/03/2024 11:40:00,01/03/2024 11:41:00,L
2024-02-06,2.4552,71.95479191999999,01/03/2024 11:40:00,01/03/2024 11:41:00,L
2024-02-07,2.44,71.50932399999999,01/03/2024 11:40:00,01/03/2024 11:41:00,L
2024-02-08,2.3957,70.21101947,01/03/2024 11:40:00,01/03/2024 11:41:00,L
2024-02-09,2.2548,66.08164907999999,01/03/2024 11:40:00,01/03/2024 11:41:00,L
2024-02-10,2.1527,63.08939416999999,01/03/2024 11:40:00,01/03/2024 11:41:00,L
2024-02-11,2.1249,62.27465678999999,01/03/2024 11:40:00,01/03/2024 11:41:00,L
2024-02-12,2.1488,62.97509648,01/03/2024 11:40:00,01/03/2024 11:41:00,L
2024-02-13,2.1749,63.74001179,01/03/2024 11:40:00,01/03/2024 11:41:00,L
2024-02-14,2.0229,59.285332589999996,01/03/2024 11:40:00,01/03/2024 11:41:00,L
2024-02-15,2.0249,59.343946790000004,01/03/2024 11:40:00,01/03/2024 11:41:00,L
2024-02-16,2.0307,59.51392797,01/03/2024 11:40:00,01/03/2024 11:41:00,L
2024-02-17,1.9404,56.867496839999994,01/03/2024 11:40:00,01/03/2024 11:41:00,L
2024-02-18,1.8774,55.021149539999996,01/03/2024 11:40:00,01/03/2024 11:41:00,L
2024-02-19,1.9021,55.745034909999994,01/03/2024 11:40:00,01/03/2024 11:41:00,L
2024-02-20,1.9637,57.55035227,01/03/2024 11:40:00,01/03/2024 11:41:00,L
2024-02-21,2.0037,58.72263626999999,01/03/2024 11:40:00,01/03/2024 11:41:00,L
2024-02-22,1.9735,57.83756185,01/03/2024 11:40:00,01/03/2024 11:41:00,L
2024-02-23,1.968,57.676372799999996,01/03/2024 11:40:00,01/03/2024 11:41:00,L
2024-02-24,1.9503,57.15763713,01/03/2024 11:40:00,01/03/2024 11:41:00,L
2024-02-25,1.9102,55.98242241999999,01/03/2024 11:40:00,01/03/2024 11:41:00,L
2024-02-26,2.0253,59.35566963,01/03/2024 11:40:00,01/03/2024 11:41:00,L
2024-02-27,2.1023,61.61231633,01/03/2024 11:40:00,01/03/2024 11:41:00,L
2024-02-28,2.1787,63.85137877,01/03/2024 11:40:00,01/03/2024 11:41:00,L
2024-02-29,2.1805,63.904131549999995,01/03/2024 11:40:00,01/03/2024 11:41:00,L
2024-03-01,2.2778,66.75571237999999,01/04/2024 12:40:00,01/04/2024 12:41:01,L
2024-03-02,2.2039,64.58991769,01/04/2024 12:40:00,01/04/2024 12:41:01,L
2024-03-03,2.2467,65.84426157,01/04/2024 12:40:00,01/04/2024 12:41:01,L
2024-03-04,2.3013,67.44442923,01/04/2024 12:40:00,01/04/2024 12:41:01,L
2024-03-05,2.4424,71.57966104,01/04/2024 12:40:00,01/04/2024 12:41:01,L
2024-03-06,2.3269,68.19469099,01/04/2024 12:40:00,01/04/2024 12:41:01,L
2024-03-07,2.3283,68.23572093,01/04/2024 12:40:00,01/04/2024 12:41:01,L
2024-03-08,2.3445,68.71049595,01/04/2024 12:40:00,01/04/2024 12:41:01,L
2024-03-09,2.3488,68.83651648,01/04/2024 12:40:00,01/04/2024 12:41:01,L
2024-03-10,2.3695,69.44317344999999,01/04/2024 12:40:00,01/04/2024 12:41:01,L
2024-03-11,2.3487,68.83358577,01/04/2024 12:40:00,01/04/2024 12:41:01,L
2024-03-12,2.1932,64.27633172,01/04/2024 12:40:00,01/04/2024 12:41:01,L
2024-03-13,2.1367,62.62048056999999,01/04/2024 12:40:00,01/04/2024 12:41:01,L
2024-03-14,2.1848,64.03015208,01/04/2024 12:40:00,01/04/2024 12:41:01,L
2024-03-15,2.2611,66.26628380999999,01/04/2024 12:40:00,01/04/2024 12:41:01,L
2024-03-16,2.4364,71.40381844,01/04/2024 12:40:00,01/04/2024 12:41:01,L
2024-03-17,2.3985,70.29307934999999,01/04/2024 12:40:00,01/04/2024 12:41:01,L
2024-03-18,2.4943,73.10069953,01/04/2024 12:40:00,01/04/2024 12:41:01,L
2024-03-19,2.5315,74.19092364999999,01/04/2024 12:40:00,01/04/2024 12:41:01,L
2024-03-20,2.4292,71.19280731999999,01/04/2024 12:40:00,01/04/2024 12:41:01,L
2024-03-21,2.3251,68.14193820999999,01/04/2024 12:40:00,01/04/2024 12:41:01,L
2024-03-22,2.3726,69.53402546,01/04/2024 12:40:00,01/04/2024 12:41:01,L
2024-03-23,2.3223,68.05987832999999,01/04/2024 12:40:00,01/04/2024 12:41:01,L
2024-03-24,2.3732,69.55160972,01/04/2024 12:40:00,01/04/2024 12:41:01,L
2024-03-25,2.4505,71.81704855,01/04/2024 12:40:00,01/04/2024 12:41:01,L
2024-03-26,2.3815,69.79485865,01/04/2024 12:40:00,01/04/2024 12:41:01,L
2024-03-27,2.3624,69.23509304,01/04/2024 12:40:00,01/04/2024 12:41:01,L
2024-03-28,2.3081,67.64371751,01/04/2024 12:40:00,01/04/2024 12:41:01,L
2024-03-29,2.3259,68.16538388999999,01/04/2024 12:40:00,01/04/2024 12:41:01,L
2024-03-30,2.2388,65.61273548,01/04/2024 12:40:00,01/04/2024 12:41:01,L
2024-03-31,2.2639,66.34834369,01/04/2024 12:40:00,01/04/2024 12:41:01,L
2024-04-01,2.3396,68.56689116,01/05/2024 12:40:00,01/05/2024 12:41:01,L
2024-04-02,2.2736,66.63262256,01/05/2024 12:40:00,01/05/2024 12:41:01,L
2024-04-03,2.1472,62.92820512,01/05/2024 12:40:00,01/05/2024 12:41:01,L
2024-04-04,2.1333,62.52083643,01/05/2024 12:40:00,01/05/2024 12:41:01,L
2024-04-05,2.1673,63.51727783,01/05/2024 12:40:00,01/05/2024 12:41:01,L
2024-04-06,2.1956,64.34666876,01/05/2024 12:40:00,01/05/2024 12:41:01,L
2024-04-07,2.2359,65.52774489,01/05/2024 12:40:00,01/05/2024 12:41:01,L
2024-04-08,2.2858,66.99016918,01/05/2024 12:40:00,01/05/2024 12:41:01,L
2024-04-09,2.2476,65.87063796,01/05/2024 12:40:00,01/05/2024 12:41:01,L
2024-04-10,2.3082,67.64664821999999,01/05/2024 12:40:00,01/05/2024 12:41:01,L
2024-04-11,2.3942,70.16705882,01/05/2024 12:40:00,01/05/2024 12:41:01,L
2024-04-12,2.4354,71.37451134,01/05/2024 12:40:00,01/05/2024 12:41:01,L
2024-04-13,2.5158,73.73080218,01/05/2024 12:40:00,01/05/2024 12:41:01,L
2024-04-14,2.7247,79.85305536999999,01/05/2024 12:40:00,01/05/2024 12:41:01,L
2024-04-15,2.629,77.0483659,01/05/2024 12:40:00,01/05/2024 12:41:01,L
2024-04-16,2.7833,81.57045143,01/05/2024 12:40:00,01/05/2024 12:41:01,L
2024-04-17,2.7571,80.80260541,01/05/2024 12:40:00,01/05/2024 12:41:01,L
2024-04-18,2.7294,79.99079874,01/05/2024 12:40:00,01/05/2024 12:41:01,L
2024-04-19,2.63,77.07767299999999,01/05/2024 12:40:00,01/05/2024 12:41:01,L
2024-04-20,2.5066,73.46117686,01/05/2024 12:40:00,01/05/2024 12:41:01,L
2024-04-21,2.5624,75.09651303999999,01/05/2024 12:40:00,01/05/2024 12:41:01,L
2024-04-22,2.5806,75.62990226,01/05/2024 12:40:00,01/05/2024 12:41:01,L
2024-04-23,2.4392,71.48587832,01/05/2024 12:40:00,01/05/2024 12:41:01,L
2024-04-24,2.5062,73.44945402,01/05/2024 12:40:00,01/05/2024 12:41:01,L
2024-04-25,2.6056,76.36257975999999,01/05/2024 12:40:00,01/05/2024 12:41:01,L
2024-04-26,2.5453,74.59536163,01/05/2024 12:40:00,01/05/2024 12:41:01,L
2024-04-27,2.7003,79.13796212999999,01/05/2024 12:40:00,01/05/2024 12:41:01,L
2024-04-28,2.6226,76.86080046,01/05/2024 12:40:00,01/05/2024 12:41:01,L
2024-04-29,2.5131,73.65167301,01/05/2024 12:40:00,01/05/2024 12:41:01,L
2024-04-30,2.4696,72.37681416,01/05/2024 12:40:00,01/05/2024 12:41:01,L
2024-05-01,2.4038,70.44840697999999,03/06/2024 12:40:00,03/06/2024 12:41:01,L
2024-05-02,2.553,74.8210263,03/06/2024 12:40:00,03/06/2024 12:41:01,L
2024-05-03,2.5687,75.28114777,03/06/2024 12:40:00,03/06/2024 12:41:01,L
2024-05-04,2.5742,75.44233682,03/06/2024 12:40:00,03/06/2024 12:41:01,L
2024-05-05,2.5585,74.98221534999999,03/06/2024 12:40:00,03/06/2024 12:41:01,L
2024-05-06,2.6955,78.99728805,03/06/2024 12:40:00,03/06/2024 12:41:01,L
2024-05-07,2.6199,76.78167128999999,03/06/2024 12:40:00,03/06/2024 12:41:01,L
2024-05-08,2.5677,75.25184066999999,03/06/2024 12:40:00,03/06/2024 12:41:01,L
2024-05-09,2.5525,74.80637275000001,03/06/2024 12:40:00,03/06/2024 12:41:01,L
2024-05-10,2.4753,72.54386462999999,03/06/2024 12:40:00,03/06/2024 12:41:01,L
2024-05-11,2.4501,71.80532570999999,03/06/2024 12:40:00,03/06/2024 12:41:01,L
2024-05-12,2.3821,69.81244290999999,03/06/2024 12:40:00,03/06/2024 12:41:01,L
2024-05-13,2.3206,68.01005626,03/06/2024 12:40:00,03/06/2024 12:41:01,L
2024-05-14,2.4667,72.29182356999999,03/06/2024 12:40:00,03/06/2024 12:41:01,L
2024-05-15,2.4807,72.70212297,03/06/2024 12:40:00,03/06/2024 12:41:01,L
2024-05-16,2.4537,71.91083127,03/06/2024 12:40:00,03/06/2024 12:41:01,L
2024-05-17,2.5088,73.52565247999999,03/06/2024 12:40:00,03/06/2024 12:41:01,L
2024-05-18,2.5894,75.88780473999999,03/06/2024 12:40:00,03/06/2024 12:41:01,L
2024-05-19,2.5661,75.20494931,03/06/2024 12:40:00,03/06/2024 12:41:01,L
2024-05-20,2.6227,76.86373117,03/06/2024 12:40:00,03/06/2024 12:41:01,L
2024-05-21,2.6712,78.28512552,03/06/2024 12:40:00,03/06/2024 12:41:01,L
2024-05-22,2.7894,81.74922474,03/06/2024 12:40:00,03/06/2024 12:41:01,L
2024-05-23,2.9692,87.01864131999999,03/06/2024 12:40:00,03/06/2024 12:41:01,L
2024-05-24,2.9241,85.69689111,03/06/2024 12:40:00,03/06/2024 12:41:01,L
2024-05-25,2.865,83.9648415,03/06/2024 12:40:00,03/06/2024 12:41:01,L
2024-05-26,2.838,83.1735498,03/06/2024 12:40:00,03/06/2024 12:41:01,L
2024-05-27,2.8777,84.33704166999999,03/06/2024 12:40:00,03/06/2024 12:41:01,L
2024-05-28,2.8292,82.91564732,03/06/2024 12:40:00,03/06/2024 12:41:01,L
2024-05-29,2.8279,82.87754809,03/06/2024 12:40:00,03/06/2024 12:41:01,L
2024-05-30,2.8676,84.04103995999999,03/06/2024 12:40:00,03/06/2024 12:41:01,L
2024-05-31,2.891,84.7268261,03/06/2024 12:40:00,03/06/2024 12:41:01,L
2024-06-01,2.8852,84.55684492,01/07/2024 12:40:00,01/07/2024 12:41:00,L
2024-06-02,2.9148,85.42433507999999,01/07/2024 12:40:00,01/07/2024 12:41:00,L
2024-06-03,2.9692,87.01864131999999,01/07/2024 12:40:00,01/07/2024 12:41:00,L
2024-06-04,2.8274,82.86289454,01/07/2024 12:40:00,01/07/2024 12:41:00,L
2024-06-05,2.7707,81.20118197,01/07/2024 12:40:00,01/07/2024 12:41:00,L
2024-06-06,2.737,80.2135327,01/07/2024 12:40:00,01/07/2024 12:41:00,L
2024-06-07,2.7574,80.81139754,01/07/2024 12:40:00,01/07/2024 12:41:00,L
2024-06-08,2.7756,81.34478675999999,01/07/2024 12:40:00,01/07/2024 12:41:00,L
2024-06-09,2.7749,81.32427179,01/07/2024 12:40:00,01/07/2024 12:41:00,L
2024-06-10,2.7686,81.13963706,01/07/2024 12:40:00,01/07/2024 12:41:00,L
2024-06-11,2.8001,82.06281071,01/07/2024 12:40:00,01/07/2024 12:41:00,L
2024-06-12,2.8535,83.62780984999999,01/07/2024 12:40:00,01/07/2024 12:41:00,L
2024-06-13,2.9329,85.95479359,01/07/2024 12:40:00,01/07/2024 12:41:00,L
2024-06-14,2.8796,84.39272516,01/07/2024 12:40:00,01/07/2024 12:41:00,L
2024-06-15,2.8729,84.19636759,01/07/2024 12:40:00,01/07/2024 12:41:00,L
2024-06-16,2.8573,83.73917682999999,01/07/2024 12:40:00,01/07/2024 12:41:00,L
2024-06-17,2.8165,82.54344714999999,01/07/2024 12:40:00,01/07/2024 12:41:00,L
2024-06-18,2.816,82.52879359999999,01/07/2024 12:40:00,01/07/2024 12:41:00,L
2024-06-19,2.8266,82.83944885999999,01/07/2024 12:40:00,01/07/2024 12:41:00,L
2024-06-20,2.8214,82.68705194,01/07/2024 12:40:00,01/07/2024 12:41:00,L
2024-06-21,2.8043,82.18590053,01/07/2024 12:40:00,01/07/2024 12:41:00,L
2024-06-22,2.8047,82.19762336999999,01/07/2024 12:40:00,01/07/2024 12:41:00,L
2024-06-23,2.8262,82.82772602,01/07/2024 12:40:00,01/07/2024 12:41:00,L
2024-06-24,2.8089,82.32071318999999,01/07/2024 12:40:00,01/07/2024 12:41:00,L
2024-06-25,2.8042,82.18296982,01/07/2024 12:40:00,01/07/2024 12:41:00,L
2024-06-26,2.7804,81.48546084,01/07/2024 12:40:00,01/07/2024 12:41:00,L
2024-06-27,2.7323,80.07578932999999,01/07/2024 12:40:00,01/07/2024 12:41:00,L
2024-06-28,2.7351,80.15784921,29/06/2024 12:40:00,01/07/2024 18:06:01,L
2024-06-29,2.7896,81.75508616,01/07/2024 12:40:00,01/07/2024 12:41:00,L
2024-06-30,2.8063,82.24451472999999,01/07/2024 12:40:00,01/07/2024 12:41:00,L
2024-07-01,2.7427,80.38058317,01/08/2024 12:40:00,01/08/2024 12:41:01,L
2024-07-02,2.6997,79.12037787,01/08/2024 12:40:00,01/08/2024 12:41:01,L
2024-07-03,2.59,75.90538899999999,01/08/2024 12:40:00,01/08/2024 12:41:01,L
2024-07-04,2.6633,78.05359942999999,01/08/2024 12:40:00,01/08/2024 12:41:01,L
2024-07-05,2.623,76.8725233,01/08/2024 12:40:00,01/08/2024 12:41:01,L
2024-07-06,2.5941,76.02554811,01/08/2024 12:40:00,01/08/2024 12:41:01,L
2024-07-07,2.606,76.3743026,01/08/2024 12:40:00,01/08/2024 12:41:01,L
2024-07-08,2.6267,76.98095957,01/08/2024 12:40:00,01/08/2024 12:41:01,L
2024-07-09,2.4873,72.89554983,01/08/2024 12:40:00,01/08/2024 12:41:01,L
2024-07-10,2.4446,71.64413665999999,01/08/2024 12:40:00,01/08/2024 12:41:01,L
2024-07-11,2.4555,71.96358405,01/08/2024 12:40:00,01/08/2024 12:41:01,L
2024-07-12,2.4577,72.02805966999999,01/08/2024 12:40:00,01/08/2024 12:41:01,L
2024-07-13,2.4791,72.65523160999999,01/08/2024 12:40:00,01/08/2024 12:41:01,L
2024-07-14,2.4401,71.51225471000001,01/08/2024 12:40:00,01/08/2024 12:41:01,L
2024-07-15,2.4714,72.42956694,01/08/2024 12:40:00,01/08/2024 12:41:01,L
2024-07-16,2.5942,76.02847881999999,01/08/2024 12:40:00,01/08/2024 12:41:01,L
2024-07-17,2.514,73.67804939999999,01/08/2024 12:40:00,01/08/2024 12:41:01,L
2024-07-18,2.5316,74.19385436,01/08/2024 12:40:00,01/08/2024 12:41:01,L
2024-07-19,2.4875,72.90141125,01/08/2024 12:40:00,01/08/2024 12:41:01,L
2024-07-20,2.4675,72.31526924999999,01/08/2024 12:40:00,01/08/2024 12:41:01,L
2024-07-21,2.4867,72.87796556999999,01/08/2024 12:40:00,01/08/2024 12:41:01,L
2024-07-22,2.4912,73.00984752,01/08/2024 12:40:00,01/08/2024 12:41:01,L
2024-07-23,2.4725,72.46180475,01/08/2024 12:40:00,01/08/2024 12:41:01,L
2024-07-24,2.5536,74.83861055999999,01/08/2024 12:40:00,01/08/2024 12:41:01,L
2024-07-25,2.4804,72.69333083999999,01/08/2024 12:40:00,01/08/2024 12:41:01,L
2024-07-26,2.5454,74.59829233999999,01/08/2024 12:40:00,01/08/2024 12:41:01,L
2024-07-27,2.5567,74.92946257,01/08/2024 12:40:00,01/08/2024 12:41:01,L
2024-07-28,2.4948,73.11535308,01/08/2024 12:40:00,01/08/2024 12:41:01,L
2024-07-29,2.604,76.3156884,01/08/2024 12:40:00,01/08/2024 12:41:01,L
2024-07-30,2.7132,79.51602371999999,01/08/2024 12:40:00,01/08/2024 12:41:01,L
2024-07-31,2.7652,81.03999292,01/08/2024 12:40:00,01/08/2024 12:41:01,L
2024-08-01,2.8881,84.64183550999999,02/09/2024 12:40:00,02/09/2024 12:41:00,L
2024-08-02,2.8109,82.37932739,02/09/2024 12:40:00,02/09/2024 12:41:00,L
2024-08-03,2.8054,82.21813834,02/09/2024 12:40:00,02/09/2024 12:41:00,L
2024-08-04,2.749,80.5652179,02/09/2024 12:40:00,02/09/2024 12:41:00,L
2024-08-05,2.6883,78.78627693,02/09/2024 12:40:00,02/09/2024 12:41:00,L
2024-08-06,2.6994,79.11158574,02/09/2024 12:40:00,02/09/2024 12:41:00,L
2024-08-07,2.7299,80.00545229000001,02/09/2024 12:40:00,02/09/2024 12:41:00,L
2024-08-08,2.7521,80.65606991,02/09/2024 12:40:00,02/09/2024 12:41:00,L
2024-08-09,2.7918,81.81956177999999,02/09/2024 12:40:00,02/09/2024 12:41:00,L
2024-08-10,2.9331,85.96065501,02/09/2024 12:40:00,02/09/2024 12:41:00,L
2024-08-11,2.9184,85.52984064,02/09/2024 12:40:00,02/09/2024 12:41:00,L
2024-08-12,2.9242,85.69982182,02/09/2024 12:40:00,02/09/2024 12:41:00,L
2024-08-13,2.8969,84.89973798999999,02/09/2024 12:40:00,02/09/2024 12:41:00,L
2024-08-14,2.7552,80.74692191999999,02/09/2024 12:40:00,02/09/2024 12:41:00,L
2024-08-15,2.6749,78.39356178999999,02/09/2024 12:40:00,02/09/2024 12:41:00,L
2024-08-16,2.7319,80.06406649,02/09/2024 12:40:00,02/09/2024 12:41:00,L
2024-08-17,2.8065,82.25037615000001,02/09/2024 12:40:00,02/09/2024 12:41:00,L
2024-08-18,2.8148,82.49362508,02/09/2024 12:40:00,02/09/2024 12:41:00,L
2024-08-19,2.9837,87.44359426999999,02/09/2024 12:40:00,02/09/2024 12:41:00,L
2024-08-20,2.9904,87.63995184,02/09/2024 12:40:00,02/09/2024 12:41:00,L
2024-08-21,2.9426,86.23907246,02/09/2024 12:40:00,02/09/2024 12:41:00,L
2024-08-22,2.9298,85.86394158,02/09/2024 12:40:00,02/09/2024 12:41:00,L
2024-08-23,2.9159,85.45657289,02/09/2024 12:40:00,02/09/2024 12:41:00,L
2024-08-24,2.7332,80.10216572,02/09/2024 12:40:00,02/09/2024 12:41:00,L
2024-08-25,2.7715,81.22462765,02/09/2024 12:40:00,02/09/2024 12:41:00,L
2024-08-26,2.8463,83.41679873,02/09/2024 12:40:00,02/09/2024 12:41:00,L
2024-08-27,2.9202,85.58259342,02/09/2024 12:40:00,02/09/2024 12:41:00,L
2024-08-28,3.1291,91.70484661,02/09/2024 12:40:00,02/09/2024 12:41:00,L
2024-08-29,3.1207,91.45866697,02/09/2024 12:40:00,02/09/2024 12:41:00,L
2024-08-30,3.1985,93.73875935,02/09/2024 12:40:00,02/09/2024 12:41:00,L
2024-08-31,3.1289,91.69898518999999,02/09/2024 12:40:00,02/09/2024 12:41:00,L
2024-09-01,3.1251,91.58761821,01/10/2024 12:40:00,01/10/2024 12:41:00,L
2024-09-02,3.1989,93.75048219,01/10/2024 12:40:00,01/10/2024 12:41:00,L
2024-09-03,3.0426,89.16978246000001,01/10/2024 12:40:00,01/10/2024 12:41:00,L
2024-09-04,2.9521,86.51748991,01/10/2024 12:40:00,01/10/2024 12:41:00,L
2024-09-05,2.9484,86.40905364,01/10/2024 12:40:00,01/10/2024 12:41:00,L
2024-09-06,3.0049,88.06490479,01/10/2024 12:40:00,01/10/2024 12:41:00,L
2024-09-07,3.0328,88.88257288,01/10/2024 12:40:00,01/10/2024 12:41:00,L
2024-09-08,3.0141,88.33453010999999,01/10/2024 12:40:00,01/10/2024 12:41:00,L
2024-09-09,3.0409,89.11996039,01/10/2024 12:40:00,01/10/2024 12:41:00,L
2024-09-10,2.9896,87.61650615999999,01/10/2024 12:40:00,01/10/2024 12:41:00,L
2024-09-11,2.9855,87.49634705,01/10/2024 12:40:00,01/10/2024 12:41:00,L
2024-09-12,2.9349,86.01340778999999,01/10/2024 12:40:00,01/10/2024 12:41:00,L
2024-09-13,2.8991,84.96421360999999,01/10/2024 12:40:00,01/10/2024 12:41:00,L
2024-09-14,2.9406,86.18045826,01/10/2024 12:40:00,01/10/2024 12:41:00,L
2024-09-15,2.9604,86.76073883999999,01/10/2024 12:40:00,01/10/2024 12:41:00,L
2024-09-16,2.8335,83.04166785,01/10/2024 12:40:00,01/10/2024 12:41:00,L
2024-09-17,2.8035,82.16245485,01/10/2024 12:40:00,01/10/2024 12:41:00,L
2024-09-18,2.8403,83.24095613,01/10/2024 12:40:00,01/10/2024 12:41:00,L
2024-09-19,2.7738,81.29203398,01/10/2024 12:40:00,01/10/2024 12:41:00,L
2024-09-20,2.812,82.41156519999998,01/10/2024 12:40:00,01/10/2024 12:41:00,L
2024-09-21,2.8687,84.07327776999999,01/10/2024 12:40:00,01/10/2024 12:41:00,L
2024-09-22,2.917,85.48881069999999,01/10/2024 12:40:00,01/10/2024 12:41:00,L
2024-09-23,2.9081,85.22797751,01/10/2024 12:40:00,01/10/2024 12:41:00,L
2024-09-24,2.9024,85.06092704,01/10/2024 12:40:00,01/10/2024 12:41:00,L
2024-09-25,3.0372,89.01152411999999,01/10/2024 12:40:00,01/10/2024 12:41:00,L
2024-09-26,3.0734,90.07244114,01/10/2024 12:40:00,01/10/2024 12:41:00,L
2024-09-27,3.115,91.2916165,01/10/2024 12:40:00,01/10/2024 12:41:00,L
2024-09-28,3.2032,93.87650271999999,01/10/2024 12:40:00,01/10/2024 12:41:00,L
2024-09-29,3.1963,93.67428373,01/10/2024 12:40:00,01/10/2024 12:41:00,L
2024-09-30,3.1747,93.04125037,01/10/2024 12:40:00,01/10/2024 12:41:00,L
2024-10-01,3.2061,93.96149331,01/11/2024 11:40:00,01/11/2024 11:41:00,L
2024-10-02,3.216,94.2516336,01/11/2024 11:40:00,01/11/2024 11:41:00,L
2024-10-03,3.2165,94.26628715,01/11/2024 11:40:00,01/11/2024 11:41:00,L
2024-10-04,3.3373,97.80658482999999,01/11/2024 11:40:00,01/11/2024 11:41:00,L
2024-10-05,3.338,97.8270998,01/11/2024 11:40:00,01/11/2024 11:41:00,L
2024-10-06,3.3666,98.66528285999999,01/11/2024 11:40:00,01/11/2024 11:41:00,L
2024-10-07,3.3662,98.65356002,01/11/2024 11:40:00,01/11/2024 11:41:00,L
2024-10-08,3.2279,94.60038809,01/11/2024 11:40:00,01/11/2024 11:41:00,L
2024-10-09,3.2088,94.04062248,01/11/2024 11:40:00,01/11/2024 11:41:00,L
2024-10-10,3.3058,96.88341118,01/11/2024 11:40:00,01/11/2024 11:41:00,L
2024-10-11,3.3078,96.94202537999999,01/11/2024 11:40:00,01/11/2024 11:41:00,L
2024-10-12,3.2918,96.47311178,01/11/2024 11:40:00,01/11/2024 11:41:00,L
2024-10-13,3.3786,99.01696806,01/11/2024 11:40:00,01/11/2024 11:41:00,L
2024-10-14,3.3658,98.64183718,01/11/2024 11:40:00,01/11/2024 11:41:00,L
2024-10-15,3.3047,96.85117337,01/11/2024 11:40:00,01/11/2024 11:41:00,L
2024-10-16,3.2838,96.23865497999999,01/11/2024 11:40:00,01/11/2024 11:41:00,L
2024-10-17,3.2734,95.93386113999999,01/11/2024 11:40:00,01/11/2024 11:41:00,L
2024-10-18,3.3076,96.93616395999999,01/11/2024 11:40:00,01/11/2024 11:41:00,L
2024-10-19,3.2562,95.42977902,01/11/2024 11:40:00,01/11/2024 11:41:00,L
2024-10-20,3.2775,96.05402025,01/11/2024 11:40:00,01/11/2024 11:41:00,L
2024-10-21,3.3662,98.65356002,01/11/2024 11:40:00,01/11/2024 11:41:00,L
2024-10-22,3.4577,101.33515967,01/11/2024 11:40:00,01/11/2024 11:41:00,L
2024-10-23,3.4854,102.14696633999999,01/11/2024 11:40:00,01/11/2024 11:41:00,L
2024-10-24,3.5739,104.74064469,01/11/2024 11:40:00,01/11/2024 11:41:00,L
2024-10-25,3.6699,107.55412629,01/11/2024 11:40:00,01/11/2024 11:41:00,L
2024-10-26,3.681,107.8794351,01/11/2024 11:40:00,01/11/2024 11:41:00,L
2024-10-27,3.6692,107.53361131999999,01/11/2024 11:40:00,01/11/2024 11:41:00,L
2024-10-28,3.649,106.9416079,01/11/2024 11:40:00,01/11/2024 11:41:00,L
2024-10-29,3.6349,106.52837779,01/11/2024 11:40:00,01/11/2024 11:41:00,L
2024-10-30,3.5364,103.64162843999999,01/11/2024 11:40:00,01/11/2024 11:41:00,L
2024-10-31,3.3838,99.16936498,01/11/2024 11:40:00,01/11/2024 11:41:00,L
2024-11-01,3.3366,97.78606985999998,02/12/2024 11:40:00,02/12/2024 11:41:01,L
2024-11-02,3.2845,96.25916995,02/12/2024 11:40:00,02/12/2024 11:41:01,L
2024-11-03,3.3368,97.79193128,02/12/2024 11:40:00,02/12/2024 11:41:01,L
2024-11-04,3.4241,100.35044111,02/12/2024 11:40:00,02/12/2024 11:41:01,L
2024-11-05,3.4895,102.26712545,02/12/2024 11:40:00,02/12/2024 11:41:01,L
2024-11-06,3.4923,102.34918533,02/12/2024 11:40:00,02/12/2024 11:41:01,L
2024-11-07,3.5122,102.93239661999999,02/12/2024 11:40:00,02/12/2024 11:41:01,L
2024-11-08,3.6326,106.46097146,02/12/2024 11:40:00,02/12/2024 11:41:01,L
2024-11-09,3.6273,106.30564383,02/12/2024 11:40:00,02/12/2024 11:41:01,L
2024-11-10,3.5845,105.05129994999999,02/12/2024 11:40:00,02/12/2024 11:41:01,L
2024-11-11,3.7133,108.82605442999999,02/12/2024 11:40:00,02/12/2024 11:41:01,L
2024-11-12,3.7911,111.10614681,02/12/2024 11:40:00,02/12/2024 11:41:01,L
2024-11-13,3.7996,111.35525716,02/12/2024 11:40:00,02/12/2024 11:41:01,L
2024-11-14,3.9079,114.52921608999999,02/12/2024 11:40:00,02/12/2024 11:41:01,L
2024-11-15,3.947,115.6751237,02/12/2024 11:40:00,02/12/2024 11:41:01,L
2024-11-16,3.8819,113.76723148999999,02/12/2024 11:40:00,02/12/2024 11:41:01,L
2024-11-17,3.9012,114.33285851999999,02/12/2024 11:40:00,02/12/2024 11:41:01,L
2024-11-18,3.9786,116.60122806,02/12/2024 11:40:00,02/12/2024 11:41:01,L
2024-11-19,3.9832,116.73604071999999,02/12/2024 11:40:00,02/12/2024 11:41:01,L
2024-11-20,3.9872,116.85326912,02/12/2024 11:40:00,02/12/2024 11:41:01,L
2024-11-21,4.1083,120.40235892999999,02/12/2024 11:40:00,02/12/2024 11:41:01,L
2024-11-22,4.0185,117.77058135,02/12/2024 11:40:00,02/12/2024 11:41:01,L
2024-11-23,3.9188,114.84866348,02/12/2024 11:40:00,02/12/2024 11:41:01,L
2024-11-24,3.737,109.5206327,02/12/2024 11:40:00,02/12/2024 11:41:01,L
2024-11-25,3.9596,116.04439316,02/12/2024 11:40:00,02/12/2024 11:41:01,L
2024-11-26,4.0493,118.67324002999999,02/12/2024 11:40:00,02/12/2024 11:41:01,L
2024-11-27,3.9859,116.81516988999999,02/12/2024 11:40:00,02/12/2024 11:41:01,L
2024-11-28,3.9934,117.03497313999999,02/12/2024 11:40:00,02/12/2024 11:41:01,L
2024-11-29,3.9838,116.75362498,02/12/2024 11:40:00,02/12/2024 11:41:01,L
2024-11-30,4.0151,117.67093721,02/12/2024 11:40:00,02/12/2024 11:41:01,L
2024-12-01,4.0264,118.00210743999999,01/01/2025 11:40:00,01/01/2025 11:41:01,L
2024-12-02,4.1088,120.41701247999998,01/01/2025 11:40:00,01/01/2025 11:41:01,L
2024-12-03,4.1308,121.06176867999999,01/01/2025 11:40:00,01/01/2025 11:41:01,L
2024-12-04,4.0296,118.09589016,01/01/2025 11:40:00,01/01/2025 11:41:01,L
2024-12-05,3.9529,115.84803559,01/01/2025 11:40:00,01/01/2025 11:41:01,L
2024-12-06,3.9532,115.85682771999998,01/01/2025 11:40:00,01/01/2025 11:41:01,L
2024-12-07,3.9565,115.95354114999999,01/01/2025 11:40:00,01/01/2025 11:41:01,L
2024-12-08,3.9677,116.28178066999999,01/01/2025 11:40:00,01/01/2025 11:41:01,L
2024-12-09,3.877,113.62362669999999,01/01/2025 11:40:00,01/01/2025 11:41:01,L
2024-12-10,3.8236,112.05862755999999,01/01/2025 11:40:00,01/01/2025 11:41:01,L
2024-12-11,3.8132,111.75383372,01/01/2025 11:40:00,01/01/2025 11:41:01,L
2024-12-12,3.6692,107.53361131999999,01/01/2025 11:40:00,01/01/2025 11:41:01,L
2024-12-13,3.5546,104.17501766,01/01/2025 11:40:00,01/01/2025 11:41:01,L
2024-12-14,3.3634,98.57150014,01/01/2025 11:40:00,01/01/2025 11:41:01,L
2024-12-15,3.3434,97.98535813999999,01/01/2025 11:40:00,01/01/2025 11:41:01,L
2024-12-16,3.3317,97.64246507,01/01/2025 11:40:00,01/01/2025 11:41:01,L
2024-12-17,3.4344,100.65230423999999,01/01/2025 11:40:00,01/01/2025 11:41:01,L
2024-12-18,3.3886,99.31003906,01/01/2025 11:40:00,01/01/2025 11:41:01,L
2024-12-19,3.595,105.3590245,01/01/2025 11:40:00,01/01/2025 11:41:01,L
2024-12-20,3.7071,108.64435041,01/01/2025 11:40:00,01/01/2025 11:41:01,L
2024-12-21,3.6867,108.04648557,01/01/2025 11:40:00,01/01/2025 11:41:01,L
2024-12-22,3.731,109.34479009999998,01/01/2025 11:40:00,01/01/2025 11:41:01,L
2024-12-23,3.8165,111.85054715,01/01/2025 11:40:00,01/01/2025 11:41:01,L
2024-12-24,3.8597,113.11661387,01/01/2025 11:40:00,01/01/2025 11:41:01,L
2024-12-25,3.8886,113.96358905999999,01/01/2025 11:40:00,01/01/2025 11:41:01,L
2024-12-26,3.9965,117.12582515,01/01/2025 11:40:00,01/01/2025 11:41:01,L
2024-12-27,4.0761,119.45867031,01/01/2025 11:40:00,01/01/2025 11:41:01,L
2024-12-28,4.1741,122.33076611,01/01/2025 11:40:00,01/01/2025 11:41:01,L
2024-12-29,4.1607,121.93805097,01/01/2025 11:40:00,01/01/2025 11:41:01,L
2024-12-30,4.1013,120.19720923,01/01/2025 11:40:00,01/01/2025 11:41:01,L
2024-12-31,4.1601,121.92046670999999,01/01/2025 11:40:00,01/01/2025 11:41:01,L
2025-01-01,4.1922,122.86122461999999,03/02/2025 11:40:00,03/02/2025 11:41:00,L
2025-01-02,4.2649,124.99185078999999,03/02/2025 11:40:00,03/02/2025 11:41:00,L
2025-01-03,4.2724,125.21165404,03/02/2025 11:40:00,03/02/2025 11:41:00,L
2025-01-04,4.2522,124.61965062,03/02/2025 11:40:00,03/02/2025 11:41:00,L
2025-01-05,4.2089,123.35065318999999,03/02/2025 11:40:00,03/02/2025 11:41:00,L
2025-01-06,4.122,120.80386619999999,03/02/2025 11:40:00,03/02/2025 11:41:00,L
2025-01-07,4.0326,118.18381146,03/02/2025 11:40:00,03/02/2025 11:41:00,L
2025-01-08,4.2037,123.19825627,03/02/2025 11:40:00,03/02/2025 11:41:00,L
2025-01-09,3.9487,115.72494576999999,03/02/2025 11:40:00,03/02/2025 11:41:00,L
2025-01-10,4.0109,117.54784739,03/02/2025 11:40:00,03/02/2025 11:41:00,L
2025-01-11,4.1051,120.30857621,03/02/2025 11:40:00,03/02/2025 11:41:00,L
2025-01-12,4.0169,117.72368998999998,03/02/2025 11:40:00,03/02/2025 11:41:00,L
2025-01-13,4.123,120.8331733,03/02/2025 11:40:00,03/02/2025 11:41:00,L
2025-01-14,4.1378,121.26691838,03/02/2025 11:40:00,03/02/2025 11:41:00,L
2025-01-15,4.1012,120.19427852000001,03/02/2025 11:40:00,03/02/2025 11:41:00,L
2025-01-16,4.0475,118.62048725,03/02/2025 11:40:00,03/02/2025 11:41:00,L
2025-01-17,4.1875,122.72348124999999,03/02/2025 11:40:00,03/02/2025 11:41:00,L
2025-01-18,4.2455,124.42329304999998,03/02/2025 11:40:00,03/02/2025 11:41:00,L
2025-01-19,4.3672,127.98996712,03/02/2025 11:40:00,03/02/2025 11:41:00,L
2025-01-20,4.3383,127.14299193,03/02/2025 11:40:00,03/02/2025 11:41:00,L
2025-01-21,4.3763,128.25666173,03/02/2025 11:40:00,03/02/2025 11:41:00,L
2025-01-22,4.3393,127.17229902999999,03/02/2025 11:40:00,03/02/2025 11:41:00,L
2025-01-23,4.3108,126.33704668,03/02/2025 11:40:00,03/02/2025 11:41:00,L
2025-01-24,4.2927,125.80658817,03/02/2025 11:40:00,03/02/2025 11:41:00,L
2025-01-25,4.2471,124.47018440999999,03/02/2025 11:40:00,03/02/2025 11:41:00,L
2025-01-26,4.2527,124.63430417,03/02/2025 11:40:00,03/02/2025 11:41:00,L
2025-01-27,4.1901,122.79967970999999,03/02/2025 11:40:00,03/02/2025 11:41:00,L
2025-01-28,4.1987,123.05172076999999,03/02/2025 11:40:00,03/02/2025 11:41:00,L
2025-01-29,4.4313,129.86855223,03/02/2025 11:40:00,03/02/2025 11:41:00,L
2025-01-30,4.4979,131.82040508999998,03/02/2025 11:40:00,03/02/2025 11:41:00,L
2025-01-31,4.5812,134.26168651999998,03/02/2025 11:40:00,03/02/2025 11:41:00,L
2025-02-01,4.5587,133.60227677,03/03/2025 11:40:00,03/03/2025 11:41:00,L
2025-02-02,4.5719,133.98913049,03/03/2025 11:40:00,03/03/2025 11:41:00,L
2025-02-03,4.6029,134.89765058999998,03/03/2025 11:40:00,03/03/2025 11:41:00,L
2025-02-04,4.5665,133.83087214999998,03/03/2025 11:40:00,03/03/2025 11:41:00,L
2025-02-05,4.5794,134.20893374,03/03/2025 11:40:00,03/03/2025 11:41:00,L
2025-02-06,4.627,135.60395169999998,03/03/2025 11:40:00,03/03/2025 11:41:00,L
2025-02-07,4.7141,138.15660011,03/03/2025 11:40:00,03/03/2025 11:41:00,L
2025-02-08,4.8027,140.75320917,03/03/2025 11:40:00,03/03/2025 11:41:00,L
2025-02-09,4.7429,139.00064458999998,03/03/2025 11:40:00,03/03/2025 11:41:00,L
2025-02-10,4.8829,143.10363859,03/03/2025 11:40:00,03/03/2025 11:41:00,L
2025-02-11,4.9255,144.35212105,03/03/2025 11:40:00,03/03/2025 11:41:00,L
2025-02-12,4.7769,139.99708599000002,03/03/2025 11:40:00,03/03/2025 11:41:00,L
2025-02-13,4.496,131.7647216,03/03/2025 11:40:00,03/03/2025 11:41:00,L
2025-02-14,4.2983,125.97070793,03/03/2025 11:40:00,03/03/2025 11:41:00,L
2025-02-15,4.2546,124.68998765999999,03/03/2025 11:40:00,03/03/2025 11:41:00,L
2025-02-16,4.2822,125.49886361999998,03/03/2025 11:40:00,03/03/2025 11:41:00,L
2025-02-17,4.1504,121.63618784,03/03/2025 11:40:00,03/03/2025 11:41:00,L
2025-02-18,4.0351,118.25707920999999,03/03/2025 11:40:00,03/03/2025 11:41:00,L
2025-02-19,4.0742,119.40298682,03/03/2025 11:40:00,03/03/2025 11:41:00,L
2025-02-20,3.8925,114.07788674999999,03/03/2025 11:40:00,03/03/2025 11:41:00,L
2025-02-21,3.7676,110.41742995999999,03/03/2025 11:40:00,03/03/2025 11:41:00,L
2025-02-22,3.7423,109.67596033,03/03/2025 11:40:00,03/03/2025 11:41:00,L
2025-02-23,3.735,109.46201849999999,03/03/2025 11:40:00,03/03/2025 11:41:00,L
2025-02-24,3.7267,109.21876956999999,03/03/2025 11:40:00,03/03/2025 11:41:00,L
2025-02-25,3.6955,108.30438805,03/03/2025 11:40:00,03/03/2025 11:41:00,L
2025-02-26,3.5205,103.17564555,03/03/2025 11:40:00,03/03/2025 11:41:00,L
2025-02-27,3.6586,107.22295605999999,03/03/2025 11:40:00,03/03/2025 11:41:00,L
2025-02-28,3.7412,109.64372252,03/03/2025 11:40:00,03/03/2025 11:41:00,L
2025-03-01,3.7508,109.92507067999999,01/04/2025 12:40:00,01/04/2025 12:41:01,L
2025-03-02,3.7609,110.22107238999999,01/04/2025 12:40:00,01/04/2025 12:41:01,L
2025-03-03,3.7414,109.64958394,01/04/2025 12:40:00,01/04/2025 12:41:01,L
2025-03-04,3.5537,104.14864127,01/04/2025 12:40:00,01/04/2025 12:41:01,L
2025-03-05,3.4188,100.19511347999999,01/04/2025 12:40:00,01/04/2025 12:41:01,L
2025-03-06,3.3041,96.83358910999999,01/04/2025 12:40:00,01/04/2025 12:41:01,L
2025-03-07,3.2715,95.87817765,01/04/2025 12:40:00,01/04/2025 12:41:01,L
2025-03-08,3.1979,93.72117509,01/04/2025 12:40:00,01/04/2025 12:41:01,L
2025-03-09,3.2591,95.51476961,01/04/2025 12:40:00,01/04/2025 12:41:01,L
2025-03-10,3.3888,99.31590047999998,01/04/2025 12:40:00,01/04/2025 12:41:01,L
2025-03-11,3.6319,106.44045648999999,01/04/2025 12:40:00,01/04/2025 12:41:01,L
2025-03-12,3.6393,106.65732903,01/04/2025 12:40:00,01/04/2025 12:41:01,L
2025-03-13,3.5757,104.79339746999999,01/04/2025 12:40:00,01/04/2025 12:41:01,L
2025-03-14,3.5781,104.86373451,01/04/2025 12:40:00,01/04/2025 12:41:01,L
2025-03-15,3.6528,107.05297488,01/04/2025 12:40:00,01/04/2025 12:41:01,L
2025-03-16,3.6339,106.49907069,01/04/2025 12:40:00,01/04/2025 12:41:01,L
2025-03-17,3.5608,104.35672167999999,01/04/2025 12:40:00,01/04/2025 12:41:01,L
2025-03-18,3.3857,99.22504846999999,01/04/2025 12:40:00,01/04/2025 12:41:01,L
2025-03-19,3.5744,104.75529823999999,01/04/2025 12:40:00,01/04/2025 12:41:01,L
2025-03-20,3.4325,100.59662075,01/04/2025 12:40:00,01/04/2025 12:41:01,L
2025-03-21,3.5578,104.26880037999999,01/04/2025 12:40:00,01/04/2025 12:41:01,L
2025-03-22,3.5799,104.91648728999999,01/04/2025 12:40:00,01/04/2025 12:41:01,L
2025-03-23,3.6238,106.20306898,01/04/2025 12:40:00,01/04/2025 12:41:01,L
2025-03-24,3.5315,103.49802365,01/04/2025 12:40:00,01/04/2025 12:41:01,L
2025-03-25,3.447,101.02157369999999,01/04/2025 12:40:00,01/04/2025 12:41:01,L
2025-03-26,3.3312,97.62781152,01/04/2025 12:40:00,01/04/2025 12:41:01,L
2025-03-27,3.3235,97.40214685,01/04/2025 12:40:00,01/04/2025 12:41:01,L
2025-03-28,3.2834,96.22693213999999,01/04/2025 12:40:00,01/04/2025 12:41:01,L
2025-03-29,3.2709,95.86059339,01/04/2025 12:40:00,01/04/2025 12:41:01,L
2025-03-30,3.2439,95.06930168999999,01/04/2025 12:40:00,01/04/2025 12:41:01,L
2025-03-31,3.2577,95.47373966999999,01/04/2025 12:40:00,01/04/2025 12:41:01,L
2025-04-01,3.4062,99.82584401999999,01/05/2025 12:40:00,01/05/2025 12:41:00,L
2025-04-02,3.4045,99.77602195,01/05/2025 12:40:00,01/05/2025 12:41:00,L
2025-04-03,3.3069,96.91564899,01/05/2025 12:40:00,01/05/2025 12:41:00,L
2025-04-04,3.0876,90.48860196,01/05/2025 12:40:00,01/05/2025 12:41:00,L
2025-04-05,3.009,88.18506389999999,01/05/2025 12:40:00,01/05/2025 12:41:00,L
2025-04-06,3.0,87.9213,01/05/2025 12:40:00,01/05/2025 12:41:00,L
2025-04-07,3.011,88.2436781,01/05/2025 12:40:00,01/05/2025 12:41:00,L
2025-04-08,3.0094,88.19678674,01/05/2025 12:40:00,01/05/2025 12:41:00,L
2025-04-09,2.914,85.4008894,01/05/2025 12:40:00,01/05/2025 12:41:00,L
2025-04-10,2.8451,83.38163021,01/05/2025 12:40:00,01/05/2025 12:41:00,L
2025-04-11,2.8064,82.24744543999999,01/05/2025 12:40:00,01/05/2025 12:41:00,L
2025-04-12,2.8271,82.85410241,01/05/2025 12:40:00,01/05/2025 12:41:00,L
2025-04-13,2.8025,82.13314775,01/05/2025 12:40:00,01/05/2025 12:41:00,L
2025-04-14,2.8613,83.85640523,01/05/2025 12:40:00,01/05/2025 12:41:00,L
2025-04-15,2.8723,84.17878333,01/05/2025 12:40:00,01/05/2025 12:41:00,L
2025-04-16,2.9198,85.57087057999999,01/05/2025 12:40:00,01/05/2025 12:41:00,L
2025-04-17,2.9574,86.67281753999998,01/05/2025 12:40:00,01/05/2025 12:41:00,L
2025-04-18,2.9924,87.69856603999999,01/05/2025 12:40:00,01/05/2025 12:41:00,L
2025-04-19,2.9584,86.70212464,01/05/2025 12:40:00,01/05/2025 12:41:00,L
2025-04-20,2.9853,87.49048563,01/05/2025 12:40:00,01/05/2025 12:41:00,L
2025-04-21,3.0394,89.07599974,01/05/2025 12:40:00,01/05/2025 12:41:00,L
2025-04-22,2.9509,86.48232139,01/05/2025 12:40:00,01/05/2025 12:41:00,L
2025-04-23,2.8958,84.86750018,01/05/2025 12:40:00,01/05/2025 12:41:00,L
2025-04-24,2.8025,82.13314775,01/05/2025 12:40:00,01/05/2025 12:41:00,L
2025-04-25,2.7338,80.11974998,01/05/2025 12:40:00,01/05/2025 12:41:00,L
2025-04-26,2.6277,77.01026667,01/05/2025 12:40:00,01/05/2025 12:41:00,L
2025-04-27,2.6058,76.36844117999999,01/05/2025 12:40:00,01/05/2025 12:41:00,L
2025-04-28,2.6538,77.77518198,01/05/2025 12:40:00,01/05/2025 12:41:00,L
2025-04-29,2.6029,76.28345059,01/05/2025 12:40:00,01/05/2025 12:41:00,L
2025-04-30,2.634,77.19490139999999,01/05/2025 12:40:00,01/05/2025 12:41:00,L
2025-05-01,2.5591,74.99979961,02/06/2025 12:40:00,02/06/2025 12:41:01,L
2025-05-02,2.6473,77.58468583,02/06/2025 12:40:00,02/06/2025 12:41:01,L
2025-05-03,2.6452,77.52314091999999,02/06/2025 12:40:00,02/06/2025 12:41:01,L
2025-05-04,2.6757,78.41700747,02/06/2025 12:40:00,02/06/2025 12:41:01,L
2025-05-05,2.7285,79.96442234999999,02/06/2025 12:40:00,02/06/2025 12:41:01,L
2025-05-06,2.7916,81.81370035999998,02/06/2025 12:40:00,02/06/2025 12:41:01,L
2025-05-07,2.8345,83.07097495,02/06/2025 12:40:00,02/06/2025 12:41:01,L
2025-05-08,3.3133,97.10321443,02/06/2025 12:40:00,02/06/2025 12:41:01,L
2025-05-09,2.8362,83.12079701999998,02/06/2025 12:40:00,02/06/2025 12:41:01,L
2025-05-10,2.6471,77.57882441,02/06/2025 12:40:00,02/06/2025 12:41:01,L
2025-05-11,2.6651,78.10635220999998,02/06/2025 12:40:00,02/06/2025 12:41:01,L
2025-05-12,2.7149,79.56584579,02/06/2025 12:40:00,02/06/2025 12:41:01,L
2025-05-13,2.8099,82.35002028999999,02/06/2025 12:40:00,02/06/2025 12:41:01,L
2025-05-14,2.7197,79.70651987,02/06/2025 12:40:00,02/06/2025 12:41:01,L
2025-05-15,2.869,84.08206990000001,02/06/2025 12:40:00,02/06/2025 12:41:01,L
2025-05-16,2.7254,79.87357034,02/06/2025 12:40:00,02/06/2025 12:41:01,L
2025-05-17,2.8766,84.30480385999999,02/06/2025 12:40:00,02/06/2025 12:41:01,L
2025-05-18,2.9291,85.84342661,02/06/2025 12:40:00,02/06/2025 12:41:01,L
2025-05-19,2.8706,84.12896126,02/06/2025 12:40:00,02/06/2025 12:41:01,L
2025-05-20,2.9936,87.73373455999999,02/06/2025 12:40:00,02/06/2025 12:41:01,L
2025-05-21,2.9895,87.61357545,02/06/2025 12:40:00,02/06/2025 12:41:01,L
2025-05-22,2.9987,87.88320076999999,02/06/2025 12:40:00,02/06/2025 12:41:01,L
2025-05-23,2.989,87.5989219,02/06/2025 12:40:00,02/06/2025 12:41:01,L
2025-05-24,3.0166,88.40779785999999,02/06/2025 12:40:00,02/06/2025 12:41:01,L
2025-05-25,2.9491,86.42956860999999,02/06/2025 12:40:00,02/06/2025 12:41:01,L
2025-05-26,3.0645,89.81160795,02/06/2025 12:40:00,02/06/2025 12:41:01,L
2025-05-27,3.0776,90.19553095999999,02/06/2025 12:40:00,02/06/2025 12:41:01,L
2025-05-28,2.9973,87.84217083,02/06/2025 12:40:00,02/06/2025 12:41:01,L
2025-05-29,2.8553,83.68056263,02/06/2025 12:40:00,02/06/2025 12:41:01,L
2025-05-30,2.741,80.3307611,02/06/2025 12:40:00,02/06/2025 12:41:01,L
2025-05-31,2.6074,76.41533254,02/06/2025 12:40:00,02/06/2025 12:41:01,L
2025-06-01,2.6549,77.80741979,01/07/2025 12:40:00,01/07/2025 12:41:00,L
2025-06-02,2.7755,81.34185605,01/07/2025 12:40:00,01/07/2025 12:41:00,L
2025-06-03,2.8741,84.23153611,01/07/2025 12:40:00,01/07/2025 12:41:00,L
2025-06-04,2.8776,84.33411096,01/07/2025 12:40:00,01/07/2025 12:41:00,L
2025-06-05,2.9744,87.17103824,01/07/2025 12:40:00,01/07/2025 12:41:00,L
2025-06-06,2.987,87.5403077,01/07/2025 12:40:00,01/07/2025 12:41:00,L
2025-06-07,2.9117,85.33348307,01/07/2025 12:40:00,01/07/2025 12:41:00,L
2025-06-08,2.8955,84.85870805,01/07/2025 12:40:00,01/07/2025 12:41:00,L
2025-06-09,2.8531,83.61608701,01/07/2025 12:40:00,01/07/2025 12:41:00,L
2025-06-10,2.7803,81.48253013,01/07/2025 12:40:00,01/07/2025 12:41:00,L
2025-06-11,2.8988,84.95542148,01/07/2025 12:40:00,01/07/2025 12:41:00,L
2025-06-12,2.9404,86.17459683999999,01/07/2025 12:40:00,01/07/2025 12:41:00,L
2025-06-13,3.0688,89.93762848,01/07/2025 12:40:00,01/07/2025 12:41:00,L
2025-06-14,3.0576,89.60938895999999,01/07/2025 12:40:00,01/07/2025 12:41:00,L
2025-06-15,3.1251,91.58761821,01/07/2025 12:40:00,01/07/2025 12:41:00,L
2025-06-16,3.1523,92.38477132999999,01/07/2025 12:40:00,01/07/2025 12:41:00,L
2025-06-17,3.1881,93.43396551,01/07/2025 12:40:00,01/07/2025 12:41:00,L
2025-06-18,3.2104,94.08751383999999,01/07/2025 12:40:00,01/07/2025 12:41:00,L
2025-06-19,3.3895,99.33641544999999,01/07/2025 12:40:00,01/07/2025 12:41:00,L
2025-06-20,3.3666,98.66528285999999,01/07/2025 12:40:00,01/07/2025 12:41:00,L
2025-06-21,3.3218,97.35232478,01/07/2025 12:40:00,01/07/2025 12:41:00,L
2025-06-22,3.4201,100.23321271,01/07/2025 12:40:00,01/07/2025 12:41:00,L
2025-06-23,3.3013,96.75152922999999,01/07/2025 12:40:00,01/07/2025 12:41:00,L
2025-06-24,2.9875,87.55496124999999,01/07/2025 12:40:00,01/07/2025 12:41:00,L
2025-06-25,2.8402,83.23802541999999,01/07/2025 12:40:00,01/07/2025 12:41:00,L
2025-06-26,2.6816,78.58991936,01/07/2025 12:40:00,01/07/2025 12:41:00,L
2025-06-27,2.6491,77.63743860999999,01/07/2025 12:40:00,01/07/2025 12:41:00,L
2025-06-28,2.6589,77.92464819,01/07/2025 12:40:00,01/07/2025 12:41:00,L
2025-06-29,2.666,78.1327286,01/07/2025 12:40:00,01/07/2025 12:41:00,L
2025-06-30,2.6491,77.63743860999999,01/07/2025 12:40:00,01/07/2025 12:41:00,L
2025-07-01,2.7356,80.17250275999999,01/08/2025 12:40:00,01/08/2025 12:41:00,L
2025-07-02,2.7347,80.14612637,01/08/2025 12:40:00,01/08/2025 12:41:00,L
2025-07-03,2.7072,79.34018112,01/08/2025 12:40:00,01/08/2025 12:41:00,L
2025-07-04,2.6883,78.78627693,01/08/2025 12:40:00,01/08/2025 12:41:00,L
2025-07-05,2.6818,78.59578078,01/08/2025 12:40:00,01/08/2025 12:41:00,L
2025-07-06,2.6845,78.67490994999999,01/08/2025 12:40:00,01/08/2025 12:41:00,L
2025-07-07,2.6898,78.83023757999999,01/08/2025 12:40:00,01/08/2025 12:41:00,L
2025-07-08,2.7704,81.19238983999999,01/08/2025 12:40:00,01/08/2025 12:41:00,L
2025-07-09,2.8044,82.18883123999998,01/08/2025 12:40:00,01/08/2025 12:41:00,L
2025-07-10,2.8471,83.44024441,01/08/2025 12:40:00,01/08/2025 12:41:00,L
2025-07-11,2.8664,84.00587143999999,01/08/2025 12:40:00,01/08/2025 12:41:00,L
2025-07-12,2.8693,84.09086203,01/08/2025 12:40:00,01/08/2025 12:41:00,L
2025-07-13,2.9025,85.06385775,01/08/2025 12:40:00,01/08/2025 12:41:00,L
2025-07-14,2.8789,84.37221018999999,01/08/2025 12:40:00,01/08/2025 12:41:00,L
2025-07-15,2.7558,80.76450617999998,01/08/2025 12:40:00,01/08/2025 12:41:00,L
2025-07-16,2.9527,86.53507417,01/08/2025 12:40:00,01/08/2025 12:41:00,L
2025-07-17,2.8938,84.80888598,01/08/2025 12:40:00,01/08/2025 12:41:00,L
2025-07-18,2.7451,80.45092020999999,01/08/2025 12:40:00,01/08/2025 12:41:00,L
2025-07-19,2.7336,80.11388855999999,01/08/2025 12:40:00,01/08/2025 12:41:00,L
2025-07-20,2.7696,81.16894416,01/08/2025 12:40:00,01/08/2025 12:41:00,L
2025-07-21,2.762,80.9462102,01/08/2025 12:40:00,01/08/2025 12:41:00,L
2025-07-22,2.7351,80.15784921,01/08/2025 12:40:00,01/08/2025 12:41:00,L
2025-07-23,2.7117,79.47206306999999,01/08/2025 12:40:00,01/08/2025 12:41:00,L
2025-07-24,2.6945,78.96798095,01/08/2025 12:40:00,01/08/2025 12:41:00,L
2025-07-25,2.6966,79.02952585999999,01/08/2025 12:40:00,01/08/2025 12:41:00,L
2025-07-26,2.6702,78.25581842,01/08/2025 12:40:00,01/08/2025 12:41:00,L
2025-07-27,2.674,78.3671854,01/08/2025 12:40:00,01/08/2025 12:41:00,L
2025-07-28,2.6914,78.87712893999999,01/08/2025 12:40:00,01/08/2025 12:41:00,L
2025-07-29,2.8216,82.69291335999999,01/08/2025 12:40:00,01/08/2025 12:41:00,L
2025-07-30,2.8161,82.53172431,01/08/2025 12:40:00,01/08/2025 12:41:00,L
2025-07-31,2.8562,83.70693902,01/08/2025 12:40:00,01/08/2025 12:41:00,L
2025-08-01,2.7526,80.67072346,01/09/2025 12:40:00,01/09/2025 12:41:01,L
2025-08-02,2.8316,82.98598435999999,01/09/2025 12:40:00,01/09/2025 12:41:01,L
2025-08-03,2.7775,81.40047025,01/09/2025 12:40:00,01/09/2025 12:41:01,L
2025-08-04,2.7474,80.51832653999999,01/09/2025 12:40:00,01/09/2025 12:41:01,L
2025-08-05,2.7767,81.37702456999999,01/09/2025 12:40:00,01/09/2025 12:41:01,L
2025-08-06,2.7316,80.05527435999998,01/09/2025 12:40:00,01/09/2025 12:41:01,L
2025-08-07,2.6569,77.86603398999999,01/09/2025 12:40:00,01/09/2025 12:41:01,L
2025-08-08,2.6105,76.50618455,01/09/2025 12:40:00,01/09/2025 12:41:01,L
2025-08-09,2.6038,76.30982698,01/09/2025 12:40:00,01/09/2025 12:41:01,L
2025-08-10,2.6529,77.74880558999999,01/09/2025 12:40:00,01/09/2025 12:41:01,L
2025-08-11,2.7296,79.99666015999999,01/09/2025 12:40:00,01/09/2025 12:41:01,L
2025-08-12,2.7333,80.10509642999999,01/09/2025 12:40:00,01/09/2025 12:41:01,L
2025-08-13,2.7238,79.82667898,01/09/2025 12:40:00,01/09/2025 12:41:01,L
2025-08-14,2.6826,78.61922646,01/09/2025 12:40:00,01/09/2025 12:41:01,L
2025-08-15,2.5828,75.69437788,01/09/2025 12:40:00,01/09/2025 12:41:01,L
2025-08-16,2.5507,74.75361996999999,01/09/2025 12:40:00,01/09/2025 12:41:01,L
2025-08-17,2.5936,76.01089456,01/09/2025 12:40:00,01/09/2025 12:41:01,L
2025-08-18,2.6187,76.74650276999999,01/09/2025 12:40:00,01/09/2025 12:41:01,L
2025-08-19,2.5958,76.07537018,01/09/2025 12:40:00,01/09/2025 12:41:01,L
2025-08-20,2.699,79.09986289999999,01/09/2025 12:40:00,01/09/2025 12:41:01,L
2025-08-21,2.7708,81.20411268,01/09/2025 12:40:00,01/09/2025 12:41:01,L
2025-08-22,2.8245,82.77790395,01/09/2025 12:40:00,01/09/2025 12:41:01,L
2025-08-23,2.8322,83.00356862,01/09/2025 12:40:00,01/09/2025 12:41:01,L
2025-08-24,2.8171,82.56103141,01/09/2025 12:40:00,01/09/2025 12:41:01,L
2025-08-25,2.8356,83.10321275999999,01/09/2025 12:40:00,01/09/2025 12:41:01,L
2025-08-26,2.838,83.1735498,01/09/2025 12:40:00,01/09/2025 12:41:01,L
2025-08-27,2.7723,81.24807333,01/09/2025 12:40:00,01/09/2025 12:41:01,L
2025-08-28,2.6808,78.56647368,01/09/2025 12:40:00,01/09/2025 12:41:01,L
2025-08-29,2.6604,77.96860884,01/09/2025 12:40:00,01/09/2025 12:41:01,L
2025-08-30,2.6858,78.71300918,01/09/2025 12:40:00,01/09/2025 12:41:01,L
2025-08-31,2.6909,78.86247539,01/09/2025 12:40:00,01/09/2025 12:41:01,L
2025-09-01,2.6876,78.76576196,01/10/2025 12:40:00,01/10/2025 12:41:00,L
2025-09-02,2.6698,78.24409557999999,01/10/2025 12:40:00,01/10/2025 12:41:00,L
2025-09-03,2.6632,78.05066871999999,01/10/2025 12:40:00,01/10/2025 12:41:00,L
2025-09-04,2.6768,78.44924528,01/10/2025 12:40:00,01/10/2025 12:41:00,L
2025-09-05,2.6733,78.34667042999999,01/10/2025 12:40:00,01/10/2025 12:41:00,L
2025-09-06,2.6633,78.05359942999999,01/10/2025 12:40:00,01/10/2025 12:41:00,L
2025-09-07,2.6769,78.45217598999999,01/10/2025 12:40:00,01/10/2025 12:41:00,L
2025-09-08,2.7365,80.19887915,01/10/2025 12:40:00,01/10/2025 12:41:00,L
2025-09-09,2.7713,81.21876623,01/10/2025 12:40:00,01/10/2025 12:41:00,L
2025-09-10,2.772,81.2392812,01/10/2025 12:40:00,01/10/2025 12:41:00,L
2025-09-11,2.7099,79.41931029,01/10/2025 12:40:00,01/10/2025 12:41:00,L
2025-09-12,2.7311,80.04062081,01/10/2025 12:40:00,01/10/2025 12:41:00,L
2025-09-13,2.7079,79.36069608999999,01/10/2025 12:40:00,01/10/2025 12:41:00,L
2025-09-14,2.7304,80.02010584,01/10/2025 12:40:00,01/10/2025 12:41:00,L
2025-09-15,2.6737,78.35839327000001,01/10/2025 12:40:00,01/10/2025 12:41:00,L
2025-09-16,2.7137,79.53067726999998,01/10/2025 12:40:00,01/10/2025 12:41:00,L
2025-09-17,2.7072,79.34018112,01/10/2025 12:40:00,01/10/2025 12:41:00,L
2025-09-18,2.7696,81.16894416,01/10/2025 12:40:00,01/10/2025 12:41:00,L
2025-09-19,2.7443,80.42747453,01/10/2025 12:40:00,01/10/2025 12:41:00,L
2025-09-20,2.7298,80.00252157999999,01/10/2025 12:40:00,01/10/2025 12:41:00,L
2025-09-21,2.717,79.62739069999999,01/10/2025 12:40:00,01/10/2025 12:41:00,L
2025-09-22,2.7293,79.98786802999999,01/10/2025 12:40:00,01/10/2025 12:41:00,L
2025-09-23,2.7272,79.92632311999999,01/10/2025 12:40:00,01/10/2025 12:41:00,L
2025-09-24,2.7069,79.33138899,01/10/2025 12:40:00,01/10/2025 12:41:00,L
2025-09-25,2.7186,79.67428206,01/10/2025 12:40:00,01/10/2025 12:41:00,L
2025-09-26,2.755,80.74106049999999,01/10/2025 12:40:00,01/10/2025 12:41:00,L
2025-09-27,2.7445,80.43333595,01/10/2025 12:40:00,01/10/2025 12:41:00,L
2025-09-28,2.7741,81.30082610999999,01/10/2025 12:40:00,01/10/2025 12:41:00,L
2025-09-29,2.7389,80.26921619,01/10/2025 12:40:00,01/10/2025 12:41:00,L
2025-09-30,2.6665,78.14738215,01/10/2025 12:40:00,01/10/2025 12:41:00,L
2025-10-01,2.5941,76.02554811,03/11/2025 11:40:00,03/11/2025 11:41:00,L
2025-10-02,2.4394,71.49173974,03/11/2025 11:40:00,03/11/2025 11:41:00,L
2025-10-03,2.4296,71.20453016,03/11/2025 11:40:00,03/11/2025 11:41:00,L
2025-10-04,2.6997,79.12037787,03/11/2025 11:40:00,03/11/2025 11:41:00,L
2025-10-05,2.723,79.80323329999999,03/11/2025 11:40:00,03/11/2025 11:41:00,L
2025-10-06,2.8473,83.44610583,03/11/2025 11:40:00,03/11/2025 11:41:00,L
2025-10-07,2.9218,85.62948478,03/11/2025 11:40:00,03/11/2025 11:41:00,L
2025-10-08,2.8667,84.01466357,03/11/2025 11:40:00,03/11/2025 11:41:00,L
2025-10-09,2.8381,83.17648050999999,03/11/2025 11:40:00,03/11/2025 11:41:00,L
2025-10-10,2.798,82.0012658,03/11/2025 11:40:00,03/11/2025 11:41:00,L
2025-10-11,2.79,81.766809,03/11/2025 11:40:00,03/11/2025 11:41:00,L
2025-10-12,2.8247,82.78376537,03/11/2025 11:40:00,03/11/2025 11:41:00,L
2025-10-13,2.7591,80.86121960999999,03/11/2025 11:40:00,03/11/2025 11:41:00,L
2025-10-14,2.7404,80.31317684,03/11/2025 11:40:00,03/11/2025 11:41:00,L
2025-10-15,2.7552,80.74692191999999,03/11/2025 11:40:00,03/11/2025 11:41:00,L
2025-10-16,2.7764,81.36823244,03/11/2025 11:40:00,03/11/2025 11:41:00,L
2025-10-17,2.7349,80.15198778999999,03/11/2025 11:40:00,03/11/2025 11:41:00,L
2025-10-18,2.7087,79.38414176999999,03/11/2025 11:40:00,03/11/2025 11:41:00,L
2025-10-19,2.6872,78.75403911999999,03/11/2025 11:40:00,03/11/2025 11:41:00,L
2025-10-20,2.5557,74.90015546999999,03/11/2025 11:40:00,03/11/2025 11:41:00,L
2025-10-21,2.4958,73.14466018,03/11/2025 11:40:00,03/11/2025 11:41:00,L
2025-10-22,2.6429,77.45573458999999,03/11/2025 11:40:00,03/11/2025 11:41:00,L
2025-10-23,2.6456,77.53486376,03/11/2025 11:40:00,03/11/2025 11:41:00,L
2025-10-24,2.6693,78.22944202999999,03/11/2025 11:40:00,03/11/2025 11:41:00,L
2025-10-25,2.6581,77.90120251,03/11/2025 11:40:00,03/11/2025 11:41:00,L
2025-10-26,2.6936,78.94160456,03/11/2025 11:40:00,03/11/2025 11:41:00,L
2025-10-27,2.6087,76.45343177,03/11/2025 11:40:00,03/11/2025 11:41:00,L
2025-10-28,2.5588,74.99100748000001,03/11/2025 11:40:00,03/11/2025 11:41:00,L
2025-10-29,2.65,77.663815,03/11/2025 11:40:00,03/11/2025 11:41:00,L
2025-10-30,2.5783,75.56249593,03/11/2025 11:40:00,03/11/2025 11:41:00,L
2025-10-31,2.5196,73.84216916,03/11/2025 11:40:00,03/11/2025 11:41:00,L
2025-11-01,2.4964,73.16224444,01/12/2025 11:40:00,01/12/2025 11:41:00,L
2025-11-02,2.5114,73.60185093999999,01/12/2025 11:40:00,01/12/2025 11:41:00,L
2025-11-03,2.554,74.8503334,01/12/2025 11:40:00,01/12/2025 11:41:00,L
2025-11-04,2.6312,77.11284152,01/12/2025 11:40:00,01/12/2025 11:41:00,L
2025-11-05,2.5829,75.69730858999999,01/12/2025 11:40:00,01/12/2025 11:41:00,L
2025-11-06,2.5597,75.01738386999999,01/12/2025 11:40:00,01/12/2025 11:41:00,L
2025-11-07,2.6142,76.61462081999998,01/12/2025 11:40:00,01/12/2025 11:41:00,L
2025-11-08,2.4818,72.73436077999999,01/12/2025 11:40:00,01/12/2025 11:41:00,L
2025-11-09,2.5071,73.47583040999999,01/12/2025 11:40:00,01/12/2025 11:41:00,L
2025-11-10,2.4353,71.37158063,01/12/2025 11:40:00,01/12/2025 11:41:00,L
2025-11-11,2.1145,61.96986295,01/12/2025 11:40:00,01/12/2025 11:41:00,L
2025-11-12,2.2539,66.05527269,01/12/2025 11:40:00,01/12/2025 11:41:00,L
2025-11-13,2.3425,68.65188174999999,01/12/2025 11:40:00,01/12/2025 11:41:00,L
2025-11-14,2.4826,72.75780646,01/12/2025 11:40:00,01/12/2025 11:41:00,L
2025-11-15,2.4846,72.81642065999999,01/12/2025 11:40:00,01/12/2025 11:41:00,L
2025-11-16,2.3921,70.10551391,01/12/2025 11:40:00,01/12/2025 11:41:00,L
2025-11-17,2.7477,80.52711867,01/12/2025 11:40:00,01/12/2025 11:41:00,L
2025-11-18,2.8838,84.51581497999999,01/12/2025 11:40:00,01/12/2025 11:41:00,L
2025-11-19,2.799,82.0305729,01/12/2025 11:40:00,01/12/2025 11:41:00,L
2025-11-20,2.8102,82.35881241999999,01/12/2025 11:40:00,01/12/2025 11:41:00,L
2025-11-21,2.7316,80.05527435999998,01/12/2025 11:40:00,01/12/2025 11:41:00,L
2025-11-22,2.6841,78.66318711,01/12/2025 11:40:00,01/12/2025 11:41:00,L
2025-11-23,2.6227,76.86373117,01/12/2025 11:40:00,01/12/2025 11:41:00,L
2025-11-24,2.6613,77.99498523,01/12/2025 11:40:00,01/12/2025 11:41:00,L
2025-11-25,2.6668,78.15617427999999,01/12/2025 11:40:00,01/12/2025 11:41:00,L
2025-11-26,2.6242,76.90769182,01/12/2025 11:40:00,01/12/2025 11:41:00,L
2025-11-27,2.5723,75.38665332999999,01/12/2025 11:40:00,01/12/2025 11:41:00,L
2025-11-28,2.5638,75.13754297999999,01/12/2025 11:40:00,01/12/2025 11:41:00,L
2025-11-29,2.5008,73.29119567999999,01/12/2025 11:40:00,01/12/2025 11:41:00,L
2025-11-30,2.5095,73.54616745,01/12/2025 11:40:00,01/12/2025 11:41:00,L
2025-12-01,2.4781,72.62592450999999,02/01/2026 11:40:00,02/01/2026 11:41:00,L
2025-12-02,2.4686,72.34750706,02/01/2026 11:40:00,02/01/2026 11:41:00,L
2025-12-03,2.4781,72.62592450999999,02/01/2026 11:40:00,02/01/2026 11:41:00,L
2025-12-04,2.3472,68.78962512,02/01/2026 11:40:00,02/01/2026 11:41:00,L
2025-12-05,2.3563,69.05631973,02/01/2026 11:40:00,02/01/2026 11:41:00,L
2025-12-06,2.334,68.40277139999999,02/01/2026 11:40:00,02/01/2026 11:41:00,L
2025-12-07,2.319,67.9631649,02/01/2026 11:40:00,02/01/2026 11:41:00,L
2025-12-08,2.3063,67.59096473,02/01/2026 11:40:00,02/01/2026 11:41:00,L
2025-12-09,2.3644,69.29370723999999,02/01/2026 11:40:00,02/01/2026 11:41:00,L
2025-12-10,2.346,68.7544566,02/01/2026 11:40:00,02/01/2026 11:41:00,L
2025-12-11,2.3243,68.11849253,02/01/2026 11:40:00,02/01/2026 11:41:00,L
2025-12-12,2.4246,71.05799465999999,02/01/2026 11:40:00,02/01/2026 11:41:00,L
2025-12-13,2.4256,71.08730176,02/01/2026 11:40:00,02/01/2026 11:41:00,L
2025-12-14,2.4108,70.65355668,02/01/2026 11:40:00,02/01/2026 11:41:00,L
2025-12-15,2.4418,71.56207678,02/01/2026 11:40:00,02/01/2026 11:41:00,L
2025-12-16,2.3781,69.69521451,02/01/2026 11:40:00,02/01/2026 11:41:00,L
2025-12-17,2.4276,71.14591596,02/01/2026 11:40:00,02/01/2026 11:41:00,L
2025-12-18,2.4369,71.41847199,02/01/2026 11:40:00,02/01/2026 11:41:00,L
2025-12-19,2.5161,73.73959430999999,02/01/2026 11:40:00,02/01/2026 11:41:00,L
2025-12-20,2.5419,74.49571749,02/01/2026 11:40:00,02/01/2026 11:41:00,L
2025-12-21,2.515,73.7073565,02/01/2026 11:40:00,02/01/2026 11:41:00,L
2025-12-22,2.4407,71.52983897,02/01/2026 11:40:00,02/01/2026 11:41:00,L
2025-12-23,2.4147,70.76785437,02/01/2026 11:40:00,02/01/2026 11:41:00,L
2025-12-24,2.4824,72.75194504,02/01/2026 11:40:00,02/01/2026 11:41:00,L
2025-12-25,2.4861,72.86038131,02/01/2026 11:40:00,02/01/2026 11:41:00,L
2025-12-26,2.5314,74.18799294,02/01/2026 11:40:00,02/01/2026 11:41:00,L
2025-12-27,2.5418,74.49278677999999,02/01/2026 11:40:00,02/01/2026 11:41:00,L
2025-12-28,2.5681,75.26356351,02/01/2026 11:40:00,02/01/2026 11:41:00,L
2025-12-29,2.5878,75.84091338,02/01/2026 11:40:00,02/01/2026 11:41:00,L
2025-12-30,2.5959,76.07830089,02/01/2026 11:40:00,02/01/2026 11:41:00,L
2025-12-31,2.6214,76.82563194,02/01/2026 11:40:00,02/01/2026 11:41:00,L
2026-01-01,2.5886,75.86435906,02/02/2026 11:40:00,02/02/2026 11:41:01,L
2026-01-02,2.599,76.1691529,02/02/2026 11:40:00,02/02/2026 11:41:01,L
2026-01-03,2.6262,76.96630601999999,02/02/2026 11:40:00,02/02/2026 11:41:01,L
2026-01-04,2.7454,80.45971234,02/02/2026 11:40:00,02/02/2026 11:41:01,L
2026-01-05,2.7769,81.38288598999999,02/02/2026 11:40:00,02/02/2026 11:41:01,L
2026-01-06,2.6073,76.41240183,02/02/2026 11:40:00,02/02/2026 11:41:01,L
2026-01-07,2.6184,76.73771063999999,02/02/2026 11:40:00,02/02/2026 11:41:01,L
2026-01-08,2.5192,73.83044632,02/02/2026 11:40:00,02/02/2026 11:41:01,L
2026-01-09,2.4809,72.70798439,02/02/2026 11:40:00,02/02/2026 11:41:01,L
2026-01-10,2.5322,74.21143862,02/02/2026 11:40:00,02/02/2026 11:41:01,L
2026-01-11,2.5051,73.41721620999999,02/02/2026 11:40:00,02/02/2026 11:41:01,L
2026-01-12,2.6444,77.49969524,02/02/2026 11:40:00,02/02/2026 11:41:01,L
2026-01-13,2.8517,83.57505707,02/02/2026 11:40:00,02/02/2026 11:41:01,L
2026-01-14,2.9476,86.38560796,02/02/2026 11:40:00,02/02/2026 11:41:01,L
2026-01-15,3.0551,89.53612120999999,02/02/2026 11:40:00,02/02/2026 11:41:01,L
2026-01-16,3.3611,98.50409381,02/02/2026 11:40:00,02/02/2026 11:41:01,L
2026-01-17,3.3961,99.52984230999999,02/02/2026 11:40:00,02/02/2026 11:41:01,L
2026-01-18,3.3824,99.12833504,02/02/2026 11:40:00,02/02/2026 11:41:01,L
2026-01-19,3.28,96.127288,02/02/2026 11:40:00,02/02/2026 11:41:01,L
2026-01-20,3.2037,93.89115627,02/02/2026 11:40:00,02/02/2026 11:41:01,L
2026-01-21,3.3454,98.04397234,02/02/2026 11:40:00,02/02/2026 11:41:01,L
2026-01-22,3.4562,101.29119902,02/02/2026 11:40:00,02/02/2026 11:41:01,L
2026-01-23,3.4547,101.24723836999999,02/02/2026 11:40:00,02/02/2026 11:41:01,L
2026-01-24,3.4224,100.30061904,02/02/2026 11:40:00,02/02/2026 11:41:01,L
2026-01-25,3.4941,102.40193810999999,02/02/2026 11:40:00,02/02/2026 11:41:01,L
2026-01-26,3.5611,104.36551381,02/02/2026 11:40:00,02/02/2026 11:41:01,L
2026-01-27,3.5348,103.59473708,02/02/2026 11:40:00,02/02/2026 11:41:01,L
2026-01-28,3.435,100.6698885,02/02/2026 11:40:00,02/02/2026 11:41:01,L
2026-01-29,3.5194,103.14340774,02/02/2026 11:40:00,02/02/2026 11:41:01,L
2026-01-30,3.5329,103.53905359,02/02/2026 11:40:00,02/02/2026 11:41:01,L
2026-01-31,3.4962,102.46348302,02/02/2026 11:40:00,02/02/2026 11:41:01,L
2026-02-01,3.3955,99.51225805,02/03/2026 11:40:00,02/03/2026 11:41:00,L
2026-02-02,3.1028,90.93406988,02/03/2026 11:40:00,02/03/2026 11:41:00,L
2026-02-03,2.8423,83.29957033,02/03/2026 11:40:00,02/03/2026 11:41:00,L
2026-02-04,2.8317,82.98891507,02/03/2026 11:40:00,02/03/2026 11:41:00,L
2026-02-05,2.9212,85.61190051999999,02/03/2026 11:40:00,02/03/2026 11:41:00,L
2026-02-06,3.0336,88.90601855999999,02/03/2026 11:40:00,02/03/2026 11:41:00,L
2026-02-07,2.9094,85.26607674,02/03/2026 11:40:00,02/03/2026 11:41:00,L
2026-02-08,2.8932,84.79130172,02/03/2026 11:40:00,02/03/2026 11:41:00,L
2026-02-09,2.8459,83.40507588999999,02/03/2026 11:40:00,02/03/2026 11:41:00,L
2026-02-10,2.6904,78.84782184,02/03/2026 11:40:00,02/03/2026 11:41:00,L
2026-02-11,2.6789,78.51079019,02/03/2026 11:40:00,02/03/2026 11:41:00,L
2026-02-12,2.7115,79.46620165,02/03/2026 11:40:00,02/03/2026 11:41:00,L
2026-02-13,2.6612,77.99205452,02/03/2026 11:40:00,02/03/2026 11:41:00,L
2026-02-14,2.6756,78.41407676,02/03/2026 11:40:00,02/03/2026 11:41:00,L
2026-02-15,2.6381,77.31506051,02/03/2026 11:40:00,02/03/2026 11:41:00,L
2026-02-16,2.5539,74.84740269,02/03/2026 11:40:00,02/03/2026 11:41:00,L
2026-02-17,2.5354,74.30522134,02/03/2026 11:40:00,02/03/2026 11:41:00,L
2026-02-18,2.5855,75.77350705,02/03/2026 11:40:00,02/03/2026 11:41:00,L
2026-02-19,2.7669,81.08981499,02/03/2026 11:40:00,02/03/2026 11:41:00,L
2026-02-20,2.6659,78.12979789,02/03/2026 11:40:00,02/03/2026 11:41:00,L
2026-02-21,2.5649,75.16978079,02/03/2026 11:40:00,02/03/2026 11:41:00,L
2026-02-22,2.4871,72.88968840999999,02/03/2026 11:40:00,02/03/2026 11:41:00,L
2026-02-23,2.5822,75.67679361999998,02/03/2026 11:40:00,02/03/2026 11:41:00,L
2026-02-24,2.4846,72.81642065999999,02/03/2026 11:40:00,02/03/2026 11:41:00,L
2026-02-25,2.4991,73.24137361,02/03/2026 11:40:00,02/03/2026 11:41:00,L
2026-02-26,2.5134,73.66046513999999,02/03/2026 11:40:00,02/03/2026 11:41:00,L
2026-02-27,2.614,76.6087594,02/03/2026 11:40:00,02/03/2026 11:41:00,L
2026-02-28,2.8851,84.55391421,02/03/2026 11:40:00,02/03/2026 11:41:00,L
2026-03-01,3.1029,90.93700059,01/04/2026 12:40:00,01/04/2026 12:41:01,L
2026-03-02,3.4678,101.63116138,01/04/2026 12:40:00,01/04/2026 12:41:01,L
2026-03-03,4.5306,132.77874726,01/04/2026 12:40:00,01/04/2026 12:41:01,L
2026-03-04,4.4927,131.66800817,01/04/2026 12:40:00,01/04/2026 12:41:01,L
2026-03-05,4.3405,127.20746754999998,01/04/2026 12:40:00,01/04/2026 12:41:01,L
2026-03-06,4.5348,132.90183707999998,01/04/2026 12:40:00,01/04/2026 12:41:01,L
2026-03-07,4.7677,139.72746066999997,01/04/2026 12:40:00,01/04/2026 12:41:01,L
2026-03-08,5.2041,152.51707911,01/04/2026 12:40:00,01/04/2026 12:41:01,L
2026-03-09,5.1262,150.23405602,01/04/2026 12:40:00,01/04/2026 12:41:01,L
2026-03-10,4.0523,118.76116133,01/04/2026 12:40:00,01/04/2026 12:41:01,L
2026-03-11,4.1209,120.77162838999999,01/04/2026 12:40:00,01/04/2026 12:41:01,L
2026-03-12,4.315,126.4601365,01/04/2026 12:40:00,01/04/2026 12:41:01,L
2026-03-13,4.3319,126.95542649,01/04/2026 12:40:00,01/04/2026 12:41:01,L
2026-03-14,4.5031,131.97280200999998,01/04/2026 12:40:00,01/04/2026 12:41:01,L
2026-03-15,4.3597,127.77016386999999,01/04/2026 12:40:00,01/04/2026 12:41:01,L
2026-03-16,4.3166,126.50702786,01/04/2026 12:40:00,01/04/2026 12:41:01,L
2026-03-17,4.2409,124.28848038999999,01/04/2026 12:40:00,01/04/2026 12:41:01,L
2026-03-18,4.5783,134.17669593,01/04/2026 12:40:00,01/04/2026 12:41:01,L
2026-03-19,5.1269,150.25457099,01/04/2026 12:40:00,01/04/2026 12:41:01,L
2026-03-20,5.1308,150.36886868,01/04/2026 12:40:00,01/04/2026 12:41:01,L
2026-03-21,4.7953,140.53633663,01/04/2026 12:40:00,01/04/2026 12:41:01,L
2026-03-22,4.9384,144.73018263999998,01/04/2026 12:40:00,01/04/2026 12:41:01,L
2026-03-23,4.8884,143.26482764,01/04/2026 12:40:00,01/04/2026 12:41:01,L
2026-03-24,4.5683,133.88362493,01/04/2026 12:40:00,01/04/2026 12:41:01,L
2026-03-25,4.43,129.83045299999998,01/04/2026 12:40:00,01/04/2026 12:41:01,L
2026-03-26,4.5581,133.58469250999997,01/04/2026 12:40:00,01/04/2026 12:41:01,L
2026-03-27,4.6529,136.36300559,01/04/2026 12:40:00,01/04/2026 12:41:01,L
2026-03-28,4.6187,135.36070277,01/04/2026 12:40:00,01/04/2026 12:41:01,L
2026-03-29,4.7248,138.47018608,01/04/2026 12:40:00,01/04/2026 12:41:01,L
2026-03-30,4.6808,137.18067367999998,01/04/2026 12:40:00,01/04/2026 12:41:01,L
2026-03-31,4.2318,124.02178577999999,01/04/2026 12:40:00,01/04/2026 12:41:01,L
2026-04-01,4.1805,122.51833155,01/05/2026 12:40:00,01/05/2026 12:41:00,L
2026-04-02,4.2659,125.02115789,01/05/2026 12:40:00,01/05/2026 12:41:00,L
2026-04-03,4.3471,127.40089440999999,01/05/2026 12:40:00,01/05/2026 12:41:00,L
2026-04-04,4.2993,126.00001502999999,01/05/2026 12:40:00,01/05/2026 12:41:00,L
2026-04-05,4.2553,124.71050263,01/05/2026 12:40:00,01/05/2026 12:41:00,L
2026-04-06,4.2257,123.84301246999999,01/05/2026 12:40:00,01/05/2026 12:41:00,L
2026-04-07,4.3281,126.84405951,01/05/2026 12:40:00,01/05/2026 12:41:00,L
2026-04-08,3.9704,116.36090984,01/05/2026 12:40:00,01/05/2026 12:41:00,L
2026-04-09,3.8694,113.40089274,01/05/2026 12:40:00,01/05/2026 12:41:00,L
2026-04-10,3.8142,111.78314082,01/05/2026 12:40:00,01/05/2026 12:41:00,L
2026-04-11,3.9088,114.55559247999999,01/05/2026 12:40:00,01/05/2026 12:41:00,L
2026-04-12,4.2603,124.85703812999999,01/05/2026 12:40:00,01/05/2026 12:41:00,L
2026-04-13,4.1467,121.52775156999999,01/05/2026 12:40:00,01/05/2026 12:41:00,L
2026-04-14,3.7549,110.04522979,01/05/2026 12:40:00,01/05/2026 12:41:00,L
2026-04-15,3.6079,105.73708608999999,01/05/2026 12:40:00,01/05/2026 12:41:00,L
2026-04-16,3.5848,105.06009207999999,01/05/2026 12:40:00,01/05/2026 12:41:00,L
2026-04-17,3.4811,102.02094581,01/05/2026 12:40:00,01/05/2026 12:41:00,L
2026-04-18,3.5298,103.44820157999999,01/05/2026 12:40:00,01/05/2026 12:41:00,L
2026-04-19,3.6182,106.03894921999999,01/05/2026 12:40:00,01/05/2026 12:41:00,L
2026-04-20,3.5092,102.84447531999999,01/05/2026 12:40:00,01/05/2026 12:41:00,L
2026-04-21,3.5345,103.58594495,01/05/2026 12:40:00,01/05/2026 12:41:00,L
2026-04-22,3.6589,107.23174818999999,01/05/2026 12:40:00,01/05/2026 12:41:00,L
2026-04-23,3.8008,111.39042567999999,01/05/2026 12:40:00,01/05/2026 12:41:00,L
2026-04-24,3.7979,111.30543508999999,01/05/2026 12:40:00,01/05/2026 12:41:00,L
2026-04-25,3.789,111.0446019,01/05/2026 12:40:00,01/05/2026 12:41:00,L
2026-04-26,3.7544,110.03057623999999,01/05/2026 12:40:00,01/05/2026 12:41:00,L
2026-04-27,3.7577,110.12728966999998,01/05/2026 12:40:00,01/05/2026 12:41:00,L
2026-04-28,3.7038,108.54763698,01/05/2026 12:40:00,01/05/2026 12:41:00,L
2026-04-29,3.8216,112.00001336,01/05/2026 12:40:00,01/05/2026 12:41:00,L
2026-04-30,3.9188,114.84866348,01/05/2026 12:40:00,01/05/2026 12:41:00,L
2026-05-01,3.8497,112.82354287,01/06/2026 12:40:00,01/06/2026 12:41:01,L
2026-05-02,3.7798,110.77497657999999,01/06/2026 12:40:00,01/06/2026 12:41:01,L
2026-05-03,3.8224,112.02345903999999,01/06/2026 12:40:00,01/06/2026 12:41:01,L
2026-05-04,4.0332,118.20139572,01/06/2026 12:40:00,01/06/2026 12:41:01,L
2026-05-05,4.036,118.28345559999998,01/06/2026 12:40:00,01/06/2026 12:41:01,L
2026-05-06,3.744,109.7257824,01/06/2026 12:40:00,01/06/2026 12:41:01,L
2026-05-07,3.8385,112.49530334999999,01/06/2026 12:40:00,01/06/2026 12:41:01,L
2026-05-08,3.7824,110.85117503999999,01/06/2026 12:40:00,01/06/2026 12:41:01,L
2026-05-09,3.7638,110.30606298,01/06/2026 12:40:00,01/06/2026 12:41:01,L
2026-05-10,3.8082,111.60729821999999,01/06/2026 12:40:00,01/06/2026 12:41:01,L
2026-05-11,4.0417,118.45050606999999,01/06/2026 12:40:00,01/06/2026 12:41:01,L
2026-05-12,4.0807,119.59348297,01/06/2026 12:40:00,01/06/2026 12:41:01,L
2026-05-13,4.0917,119.91586107,01/06/2026 12:40:00,01/06/2026 12:41:01,L
2026-05-14,4.1034,120.25875413999998,01/06/2026 12:40:00,01/06/2026 12:41:01,L
2026-05-15,4.3424,127.26315103999998,01/06/2026 12:40:00,01/06/2026 12:41:01,L
2026-05-16,4.4727,131.08186616999998,01/06/2026 12:40:00,01/06/2026 12:41:01,L
2026-05-17,4.4337,129.93888927,01/06/2026 12:40:00,01/06/2026 12:41:01,L
2026-05-18,4.4567,130.61295256999998,01/06/2026 12:40:00,01/06/2026 12:41:01,L
2026-05-19,4.4596,130.69794316,01/06/2026 12:40:00,01/06/2026 12:41:01,L
2026-05-20,4.3022,126.08500561999999,01/06/2026 12:40:00,01/06/2026 12:41:01,L
2026-05-21,4.2094,123.36530673999998,01/06/2026 12:40:00,01/06/2026 12:41:01,L
2026-05-22,4.1295,121.02366945,01/06/2026 12:40:00,01/06/2026 12:41:01,L
2026-05-23,4.0634,119.08647013999999,01/06/2026 12:40:00,01/06/2026 12:41:01,L
2026-05-24,4.0062,117.41010401999999,01/06/2026 12:40:00,01/06/2026 12:41:01,L
2026-05-25,3.9553,115.91837263,01/06/2026 12:40:00,01/06/2026 12:41:01,L
2026-05-26,3.9671,116.26419640999998,01/06/2026 12:40:00,01/06/2026 12:41:01,L
2026-05-27,3.8256,112.11724176,01/06/2026 12:40:00,01/06/2026 12:41:01,L
2026-05-28,3.8814,113.75257794,01/06/2026 12:40:00,01/06/2026 12:41:01,L
2026-05-29,3.9119,114.64644449,01/06/2026 12:40:00,01/06/2026 12:41:01,L
2026-05-30,3.9508,115.78649068,01/06/2026 12:40:00,01/06/2026 12:41:01,L
2026-05-31,3.9916,116.98222036,01/06/2026 12:40:00,01/06/2026 12:41:01,L
2026-06-01,4.0295,118.09295944999998,16/06/2026 12:40:00,16/06/2026 12:41:01,L
2026-06-02,3.9855,116.80344704999999,16/06/2026 12:40:00,16/06/2026 12:41:01,L
2026-06-03,4.0744,119.40884823999998,16/06/2026 12:40:00,16/06/2026 12:41:01,L
2026-06-04,4.0353,118.26294063,16/06/2026 12:40:00,16/06/2026 12:41:01,L
2026-06-05,4.067,119.1919757,16/06/2026 12:40:00,16/06/2026 12:41:01,L
2026-06-06,4.0433,118.49739743,16/06/2026 12:40:00,16/06/2026 12:41:01,L
2026-06-07,4.0827,119.65209716999999,16/06/2026 12:40:00,16/06/2026 12:41:01,L
2026-06-08,4.1546,121.75927766,16/06/2026 12:40:00,16/06/2026 12:41:01,L
2026-06-09,4.0812,119.60813651999999,16/06/2026 12:40:00,16/06/2026 12:41:01,L
2026-06-10,4.2142,123.50598081999999,16/06/2026 12:40:00,16/06/2026 12:41:01,L
2026-06-11,4.132,121.09693719999999,16/06/2026 12:40:00,16/06/2026 12:41:01,L
2026-06-12,3.9345,115.30878494999999,16/06/2026 12:40:00,16/06/2026 12:41:01,L
2026-06-13,3.8507,112.85284997,16/06/2026 12:40:00,16/06/2026 12:41:01,L
2026-06-14,3.7839,110.89513568999999,16/06/2026 12:40:00,16/06/2026 12:41:01,L
2026-06-15,3.6745,107.68893895,16/06/2026 12:40:00,16/06/2026 12:41:01,L
